wav_filename,wav_filesize,transcript
common_voice_tr_18756246.wav,98348,kayak kulüpleri de iyimserler
common_voice_tr_18756243.wav,122924,türkiye tutuklamaları memnuniyetle karşıladı
common_voice_tr_18756262.wav,122924,tasarı yüksek mahkeme tarafından da reddedildi
common_voice_tr_18756264.wav,102188,ancak yasa yaygın bir şekilde uygulanmıyor
common_voice_tr_18756266.wav,109868,çalışanlar kırk günden fazla süredir grev yapıyor
common_voice_tr_18756277.wav,103724,mahhemenin altı ay sürmesi bekleniyor
common_voice_tr_18756278.wav,117548,bu düşüş de yine işten çıkarma anlamına gelecek
common_voice_tr_18756282.wav,90668,kadın meclis üyelerinin sayısı da artıyor
common_voice_tr_18756280.wav,157484,bir kasabanın yarısını boşaltmak zorunda kalırsanız bu kadar insanı nereye taşıyacaksınız
common_voice_tr_18756285.wav,106028,ancak krediyi kimin vereceği henüz belli değil
common_voice_tr_18756284.wav,84524,bu avrupa'ya uzanan bir yol
common_voice_tr_18756303.wav,109868,costi rogozanu meseleyi küçümsüyor
common_voice_tr_18756369.wav,98348,uçuş planı dediğimiz şey budur
common_voice_tr_18756302.wav,109868,teklif kırk beş gün süreyle geçerli olacak
common_voice_tr_18756370.wav,99884,bu aralık iki bin onda oldu
common_voice_tr_18756389.wav,106028,her aileye beş yüz avro kadar yardım yapılabilecek
common_voice_tr_18756390.wav,98348,bunun üzerine gaşi ateş açtı
common_voice_tr_18756410.wav,98348,seydiu'nun hareketi bazılarına sürpriz oldu
common_voice_tr_18756393.wav,90668,etkinlik yirmi beş ekim'e kadar sürecek
common_voice_tr_18756401.wav,84524,sizce bu zamanlama gerçekçi mi
common_voice_tr_18756413.wav,126764,dava boyunca ağırbaşlı bir biçimde duruşmalara katılabilecek mi
common_voice_tr_18756412.wav,73004,ne yazık ki anlamam uzun sürmedi
common_voice_tr_18756419.wav,103724,şimdi de ülkeler bu kilometre taşını kutluyorlar
common_voice_tr_18756421.wav,98348,turnuvada dünyadan elli yedi oyuncu biraraya gelecek
common_voice_tr_18756439.wav,94508,onları savaş suçu davalarına nasıl hazırlıyorsunuz
common_voice_tr_18756450.wav,73004,yalandan inanma olamaz
common_voice_tr_18756459.wav,88364,numara değiştirme hizmeti ekim ayında başlamıştı
common_voice_tr_18756452.wav,73004,olayla ilgili soruşturma sürüyor
common_voice_tr_18684987.wav,107564,askerlerin hizmetleri ekim ayında sona erecek
common_voice_tr_18685007.wav,125228,cavcav her iki teklifi de geri çevirdi
common_voice_tr_18685005.wav,102188,ülkemiz demiryollarımız ve raylarımız gibi
common_voice_tr_18697589.wav,102188,bu devrimci mesajlara benziyor
common_voice_tr_18697591.wav,115244,projenin değeri iki virgül yetmiş yedi milyon avro
common_voice_tr_18697593.wav,98348,sırp diva ceca hapse mi girecek
common_voice_tr_18731930.wav,94508,dış basın bu büyüyen olguya odaklanmaya başladı
common_voice_tr_18731929.wav,102188,panteliç şimdi adli işlemleri bekliyor
common_voice_tr_18731934.wav,122924,sahte bir seyahat belgesi yaklaşık beş yüz avro
common_voice_tr_18731940.wav,113708,neden partiden ayrılarak demos'u kurmaya karar verdiniz
common_voice_tr_18731950.wav,136748,mevcut ihale planlanan üç santralin biri için
common_voice_tr_18731952.wav,73004,ekonomik bir hac sanki
common_voice_tr_18731955.wav,117548,ab üyeliği ise daha zorlu bir yol
common_voice_tr_18731954.wav,103724,kırmızı kartlar penaltılar ofsaytlar
common_voice_tr_18731959.wav,107564,egmont grubu bu meselelere nasıl yaklaşıyor
common_voice_tr_18731958.wav,96044,bunun da fiyatı bir kuruş bile değildir
common_voice_tr_18731962.wav,103724,bugün goralılar üç ayrı ülkeye dağılmış durumda
common_voice_tr_18731963.wav,96044,mevki ocak iki bin üçten bu yana boş duruyor
common_voice_tr_18731966.wav,121388,yurtta da bütün çocuklara kapısını açtı
common_voice_tr_18731969.wav,94508,etkinlik altı haziran'a kadar devam edecek
common_voice_tr_18731968.wav,117548,hırvatistan'ın da bunu izlemesi bekleniyordu
common_voice_tr_18731972.wav,86828,karar düzenli olarak uzatıldı
common_voice_tr_18731973.wav,73004,adalet bu şekilde yerini bulurdu
common_voice_tr_18731970.wav,96044,olayla ilgili bir tutuklama yapılmadı
common_voice_tr_18731976.wav,96044,bunların otuz iki milyonu slovenya üzerinden geldi
common_voice_tr_18731993.wav,75308,dezenflasyon sürüyor
common_voice_tr_18731980.wav,130604,arnavutluk kırk ikinci makedonya ise yetmiş ikinci sırada
common_voice_tr_18731991.wav,76844,bu adamlar iyi ve kibardırlar
common_voice_tr_18731995.wav,92204,ya tahmin hatalı çıkarsa
common_voice_tr_18732000.wav,111404,fakat sokakta herkes iyimser bir havada değil
common_voice_tr_18731998.wav,98348,kentin kalburüstü semti olan sandton'a gittik
common_voice_tr_18511720.wav,110636,müşteriler geçip gittiğinde iç çekiyor
common_voice_tr_18511718.wav,120620,siryopulos temerrüt çağrısında bulunuyor
common_voice_tr_18511719.wav,132908,belgrad bu son hayal kırıklığını hafife alıyor
common_voice_tr_18511727.wav,79148,bu doğru mu sizce
common_voice_tr_18511726.wav,204332,yerli ilaçlar yoksa yerli ilaç firmaları çalışmıyorsa neden bu ilaçları ithal etmiyorlar
common_voice_tr_18511732.wav,105260,bu da yıl sonuna kadar gerçekleşebilecek
common_voice_tr_18511768.wav,109100,alıcının adı kasım ayında duyurulacak
common_voice_tr_18511771.wav,86828,partinin hükümet gündemini sunmak
common_voice_tr_18511770.wav,126764,hayranlar sırılsıklam fakat heyecanlıydılar
common_voice_tr_18511774.wav,88364,cenazesi salı günü kaldırılacak
common_voice_tr_18511776.wav,107564,eski rejimin bir kurbanıyım
common_voice_tr_18511781.wav,81452,bu bir kalite meselesi
common_voice_tr_18511789.wav,139052,yetkililer oybirliğiyle planı reddettiler
common_voice_tr_18511790.wav,92972,ancak buna yasal bir engel olabilir
common_voice_tr_18511795.wav,109100,tek istisna ise vize serbestliği konusu oldu
common_voice_tr_18511800.wav,126764,endeks gün sonunda yüzde üç virgül doksan üç oranında düştü
common_voice_tr_18511797.wav,115244,değişimin temelleri şimdiden atılmaya başlanmalı
common_voice_tr_18511809.wav,118316,sadece gelinlik yaklaşık kırk kilo gelir
common_voice_tr_18511806.wav,131372,bunun etkileri ise şüphesiz oldukça çarpıcı oldu
common_voice_tr_18511807.wav,104492,fakat bazı radikaller ve suçlular da var
common_voice_tr_18511811.wav,109100,diğer üçü ise sofya'da ele geçirildi
common_voice_tr_18511812.wav,107564,etkinlik yirmi dokuz kasım'da sona erecek
common_voice_tr_18511815.wav,116780,yeni fiyatlar gelecek ay yürürlüğe girecek
common_voice_tr_18511818.wav,106028,tesis atina şehir merkezinde bulunuyor
common_voice_tr_17346651.wav,82988,ab sonucu memnuniyetle karşıladı
common_voice_tr_17346658.wav,59948,bu arada seçimler de yaklaşıyor
common_voice_tr_17346669.wav,92204,peki küreselleşmenin bu tablodaki yeri nedir
common_voice_tr_17346677.wav,75308,hükümet geçiş için fon ayırdı bile
common_voice_tr_17346678.wav,53804,gerçekler olmadan barış olmaz
common_voice_tr_17346683.wav,96044,fakat sadece orduyu eleştirmek de yanlış olur
common_voice_tr_17346684.wav,86828,ancak o günü bütün ülkeler kutlamadı
common_voice_tr_17346690.wav,69164,fakat morar yılmıyor
common_voice_tr_17346693.wav,88364,hırvatistan dijital televizyona geçti
common_voice_tr_17346706.wav,111404,kosteliç'in üç olimpiyat şampiyonluğu bulunuyor
common_voice_tr_17346695.wav,113708,gurur duyduğumuz ortak bir tarihimiz var
common_voice_tr_17346708.wav,76844,gerisiyse henüz değerlendirilmedi
common_voice_tr_17346727.wav,46124,savaş olamaz
common_voice_tr_17346737.wav,86828,her iki toplumdan da sakin olmalarını istiyoruz
common_voice_tr_17346757.wav,94508,kurul salı günü tekrar toplanma kararı aldı
common_voice_tr_17346738.wav,117548,festivale balkanlar'dan da gelenler oldu
common_voice_tr_17346763.wav,53804,ne yapabilirim ki
common_voice_tr_17346762.wav,113708,bitiki de bağlantının net olmadığına katılıyor
common_voice_tr_17346771.wav,84524,bugüne kadar bunu sadece dokuz ülke yaptı
common_voice_tr_17346782.wav,90668,halk bize destek verdi ve bize güvenebilirler
common_voice_tr_17346770.wav,84524,bu konuda gelinen aşama nedir
common_voice_tr_17346796.wav,75308,türkiye tek başına başarabilir mi
common_voice_tr_17346793.wav,84524,diğer kadın adaylar yarıştan çekildiler
common_voice_tr_17346785.wav,98348,ülkede elle tutulur bir heyecan var
common_voice_tr_17346783.wav,92204,avusturya rodos'tan sonra ikinci geldi
common_voice_tr_17346806.wav,84524,yeni kosova için çalışmalıyız
common_voice_tr_19183203.wav,113708,kaybedecek hiçbir şeyim yok
common_voice_tr_17346819.wav,86828,pasiç sorunun siyasi olduğunu düşünüyor
common_voice_tr_19183215.wav,119084,türkiye de yardım eden ülkelerden biriydi
common_voice_tr_19183233.wav,117548,suça polis bakar ordu değil
common_voice_tr_19183216.wav,148268,peki siz kariyeriniz boyunca bunu yapmayı başarabildiniz mi
common_voice_tr_19183237.wav,125228,rugova geçen ekim ayında tekrar seçildi
common_voice_tr_19183253.wav,92204,her iki tarafı da kastediyorum
common_voice_tr_19183257.wav,149804,gül'ün bu gelişme üzerine gitmesi bekleniyor
common_voice_tr_19183265.wav,86828,yangında yaralanan olmadı
common_voice_tr_19183287.wav,138284,jezero'nun yeniden inşası iki bin üç yılında başladı
common_voice_tr_19183292.wav,111404,artık yığılmalar ortadan kalktı
common_voice_tr_19183304.wav,86828,belge iki bin altı yılını kapsıyor
common_voice_tr_19183307.wav,122924,bu bakımdan kosova ile kıyaslanamaz
common_voice_tr_19183308.wav,130604,kimi zamlar ise dünya piyasalarına atfediliyor
common_voice_tr_19183306.wav,109868,yalnızca büyükler ayakta kalacak
common_voice_tr_19183310.wav,86828,biz size yardım etmeye hazırız
common_voice_tr_19183312.wav,79148,opa
common_voice_tr_19183311.wav,99884,etkinlik çarşamba günü sona erdi
common_voice_tr_19183321.wav,102188,kıbrıs rum takımı bu yıl turnuvaya katılmayacak
common_voice_tr_19183325.wav,132908,ekonomik kriz yüzünden yaz tatiline çıkamıyor musunuz
common_voice_tr_19183328.wav,88364,diğer üç koltuk bağımsız adaylara gitti
common_voice_tr_19183333.wav,107564,proje gelecek yılın sonuna kadar uygulanacak
common_voice_tr_19183335.wav,79148,bunun temel nedeni ise vergiler
common_voice_tr_19183343.wav,84524,bu kadarla da kalmadı
common_voice_tr_19183336.wav,92204,pişirme yaklaşık otuz beş dakika sürer
common_voice_tr_19183345.wav,115244,çalışma gelecek yılın ilk günlerinde başlayacak
common_voice_tr_19183340.wav,76844,bu mesele çok fazla uzadı
common_voice_tr_19183372.wav,117548,etrafımda bir sürü yerli insan var
common_voice_tr_19183352.wav,86828,burada bir lokantamız vardı
common_voice_tr_19183375.wav,111404,soygunda iki banka çalışanı hafif yaralandı
common_voice_tr_19847017.wav,134444,festivalde bin beş yüzün üzerinde film yarıştı
common_voice_tr_19847037.wav,129068,çıkarılmayı bekleyen yalnızca bir tek yasa var
common_voice_tr_19847015.wav,132908,bulgar hükümeti projede yüzde elli bir hisseye sahip
common_voice_tr_19847049.wav,99884,benim için de aynısı geçerliydi
common_voice_tr_19847050.wav,122924,yeni anlaşma mart iki bin on ikide imzalanacak
common_voice_tr_19847072.wav,119084,üsküp'te yeni bir kültür merkezi açıldı
common_voice_tr_19847051.wav,134444,küçülmenin bu yıl da devam etmesini bekliyoruz
common_voice_tr_19847079.wav,138284,ülke ırklararası büyük çatışmalara sahne oldu
common_voice_tr_19847081.wav,149804,hareket yaklaşık iki bin iki yüz çalışanı etkileyecek
common_voice_tr_19847089.wav,140588,bu kampanya da benzer sorunlarla karşılaştı
common_voice_tr_19847087.wav,121388,çocuklar yerel kliniklerde aşı olabilecek
common_voice_tr_19847090.wav,119084,ancak daha yapılacak çok iş var
common_voice_tr_19847113.wav,115244,bu arnavutluk için büyük bir zafer
common_voice_tr_19847114.wav,88364,sırbistan almanya maçı
common_voice_tr_19847130.wav,106028,ancak bu durum artık değişmeye başladı
common_voice_tr_19847132.wav,117548,anlaşmadan en az iki büyük fayda bekleniyor
common_voice_tr_19847136.wav,119084,tenisçi geçen yıl hiçbir turnuva kazanamadı
common_voice_tr_19847148.wav,98348,fakat bu tezatın bir açıklaması var
common_voice_tr_19847152.wav,96044,sergi on iki haziran'da kapanıyor
common_voice_tr_19847157.wav,92204,bugüne kadar neler denedin
common_voice_tr_19847159.wav,113708,tepkiler beklenilenden farklı olmadı
common_voice_tr_19847176.wav,125228,kosova avrupa'nın en genç nüfusuna sahip
common_voice_tr_19847204.wav,115244,belgrad hareketi kesin bir dille eleştiriyor
common_voice_tr_19847174.wav,121388,sırbistan on bir mayıs'ta başkanlığı devralacak
common_voice_tr_19847214.wav,107564,ancak diğer analistler durumdan daha umutlu
common_voice_tr_19847223.wav,119084,bu koalisyon konusunda ne kadar rahatsınız
common_voice_tr_19847226.wav,117548,fakat iyi haber uyarısız olarak gelmiyor
common_voice_tr_19847238.wav,115244,fakat basın standartları da tehlikede bulunuyor
common_voice_tr_19847242.wav,122924,sonuçta da kurbanların çoğu türkler oldu
common_voice_tr_19421260.wav,134444,bu da enstitüye iki yüz elli bir milyon avroya mal oldu
common_voice_tr_19421259.wav,117548,sanıkların tümü suçlamaları reddetti
common_voice_tr_19421289.wav,117548,bu ayinle ilgili olarak ne düşünüyorsunuz
common_voice_tr_19421302.wav,117548,genel başkanlık seçimi on bir kasım'da yapılacak
common_voice_tr_19421304.wav,115244,en yakın arkadaşlarım arnavutluk'ta
common_voice_tr_19421310.wav,111404,burada yaşayanlar oldukça endişeli
common_voice_tr_19421318.wav,115244,bombalardan biri patlayarak hasara yol açtı
common_voice_tr_19421322.wav,109868,birlikte iki çocukları olmuş
common_voice_tr_19421323.wav,103724,hırvat heyetinin gezisi bir hafta sürecek
common_voice_tr_19421325.wav,155948,mali af akıllıca bir kamu politikası mı yoksa seçim oyunu mu
common_voice_tr_19421334.wav,117548,bu sanıklara da on beşer yıl hapis cezası verildi
common_voice_tr_19421326.wav,115244,ayin on beş dile tercüme edildi
common_voice_tr_19421331.wav,144428,turnuvayı en az seksen ülke canlı olarak yayınlıyor
common_voice_tr_19421345.wav,122924,açıklamaya rağmen kavganın durulduğu pek yok
common_voice_tr_19421346.wav,119084,baraj sulama için gerekli suyu sağlayacak
common_voice_tr_19421358.wav,94508,başvuru süresi bir mart'ta sona erecek
common_voice_tr_19421359.wav,122924,tahminen kaç gazeteci işten çıkarıldı
common_voice_tr_19421365.wav,103724,kazı çalışmaları iki bin beş başına kadar sürecek
common_voice_tr_19421386.wav,111404,yalnızca ücretin bir kısmı alınabiliyor
common_voice_tr_19421395.wav,80684,maç olaysız geçti
common_voice_tr_19421393.wav,109868,priştine'nin yanıtı çabuk geldi
common_voice_tr_19421397.wav,86828,hayranlar da memnun kaldılar
common_voice_tr_19421396.wav,176684,fuarda on beş ülkeden bin sekiz yüz katılımcı bir araya geldi
common_voice_tr_19421399.wav,115244,geçen yıl ülkeye yaklaşık on beş milyon turist geldi
common_voice_tr_19421412.wav,86828,ve tabii ki banyoda kaçak var
common_voice_tr_19421413.wav,88364,bazıları şimdiden başarıya ulaştı
common_voice_tr_19421416.wav,109868,peki tüm bunlar gerçekleştirilebilirse ne olacak
common_voice_tr_19421430.wav,171308,taşınmaz ordu malları konusunda anlaşmaya varmaya yetecek kadar iyi mi
common_voice_tr_17528645.wav,186668,kulelerde bir çok bar ve restoran bulunuyor
common_voice_tr_19421431.wav,134444,parti konseydeki otuz beş sandalyenin on yedisini aldı
common_voice_tr_17528644.wav,244268,ancak faillerin kimlikleri belirlenemedi
common_voice_tr_17528655.wav,130604,ancak bu sporcular sırbistan adına yarışacaklar
common_voice_tr_17528654.wav,136748,rekor sayıda on bir aday yarışıyor
common_voice_tr_17528656.wav,92204,ankara ziyaretin devamını bekliyor
common_voice_tr_17528658.wav,69164,tebrik edilmeyi hak ediyor
common_voice_tr_17528665.wav,107564,yarışmaya yüzden fazla ülkeden katılım oldu
common_voice_tr_17528709.wav,65324,bu haberler doğru mu
common_voice_tr_17528711.wav,145964,eğer türkiye'nin herhangi bir rolü olmayacaksa niçin risk alsın
common_voice_tr_17528713.wav,80684,büyükbabalarımıza ayrımcılık yapılmış
common_voice_tr_17528763.wav,107564,fakat zaman komünistlerden yana değildi
common_voice_tr_17528808.wav,79148,bu en yüksek risktir
common_voice_tr_17528820.wav,129068,projenin değeri iki yüz yirmi üç milyon avro
common_voice_tr_17528806.wav,132908,bu miktar daha sonra iki yüz milyon avroya düştü
common_voice_tr_17528843.wav,96044,yeni parlamento yirmi altı temmuz'da kurulacak
common_voice_tr_17528822.wav,148268,çok sayıda insan hastaneye kaldırıldı
common_voice_tr_17528865.wav,76844,bahis oldukça yüksek
common_voice_tr_17528869.wav,94508,esas yarışma son iki günde yapıldı
common_voice_tr_17528867.wav,90668,ancak sürecin tamamlanmasına daha çok var
common_voice_tr_17528900.wav,102188,dizi on aralık'ta sona erdi
common_voice_tr_17528902.wav,153644,dış politika alanında başlıca konu kıbrıs'tı
common_voice_tr_17528904.wav,129068,etkinliğe yaklaşık iki yüz elli bin kişi katıldı
common_voice_tr_17528909.wav,176684,sırbistan için tarihi zafer otuz yedi yıl sonra almanya ile ilk maç
common_voice_tr_17528917.wav,103724,musliu hakkındaki tüm suçlamaları reddetti
common_voice_tr_17528927.wav,86828,bulgaristan da aynı tarihte üye olacak
common_voice_tr_17528928.wav,121388,projenin toplam bütçesi bir milyar avro
common_voice_tr_17528925.wav,53804,fikir yeni değil
common_voice_tr_17528940.wav,103724,dağa tırmanmaya devam ettik
common_voice_tr_17528933.wav,80684,fonun şu anki değeri elli milyon avro
common_voice_tr_17528941.wav,94508,cuma günkü oylamaya karışık tepkiler geldi
common_voice_tr_17528942.wav,57644,herkes de iyimser değil
common_voice_tr_17528943.wav,52268,birer birer pişirin
common_voice_tr_17528944.wav,99884,tahsilat firmaları altın çağlarını yaşıyorlar
common_voice_tr_17528964.wav,84524,yerleşim yerlerinin manzarası harika
common_voice_tr_19013983.wav,184364,yıldız da duyduğu güveni dile getirdi
common_voice_tr_17528961.wav,88364,polis olaya müdahale ederek düzeni sağladı
common_voice_tr_19014007.wav,194348,türk medyası da yasağa ateş püskürdü
common_voice_tr_19014011.wav,253484,ondan sonraysa yüzde altı virgül yetmiş beşe yükseliyor
common_voice_tr_19014010.wav,155948,kıbrıs türklerinin çoğunluğu planı onayladı
common_voice_tr_19014556.wav,138284,kazadan kurtulan olmadı
common_voice_tr_19014553.wav,209708,cumhurbaşkanlığı seçimleri altı nisan'da yapılacak
common_voice_tr_19014559.wav,178988,yunanistan'daki gençlerin hepsi aynı değil
common_voice_tr_19014558.wav,155948,sürekli tetikte olmak ne demek iyi biliriz
common_voice_tr_19014569.wav,176684,yarışmanın tarihi bin üç yüz elli yedi yılına kadar uzanıyor
common_voice_tr_19016215.wav,175148,etkinlik bin dokuz yüz yetmiş iki yılından beri düzenleniyor
common_voice_tr_19014570.wav,153644,siz bu konuda ne düşünüyorsunuz
common_voice_tr_19019290.wav,96044,yine de riskler var
common_voice_tr_19016219.wav,213548,sırbistan'daki fabrika iki bin altı yılında açılmıştı
common_voice_tr_19019291.wav,138284,bekaj musliu'nun akrabası
common_voice_tr_19016218.wav,134444,daha iyi bir hayat düşünülemezdi
common_voice_tr_19101102.wav,149804,peki nerede hata yaptılar
common_voice_tr_19101107.wav,165164,bülbüller güneş ışığında şakıyorlardı
common_voice_tr_19016217.wav,122924,bu da cuma günü gerçekleşti
common_voice_tr_19196921.wav,140588,yine de bu da bir gelişme
common_voice_tr_19101111.wav,171308,ancak geçmişe değil geleceğe bakma zamanı
common_voice_tr_19101248.wav,119084,teklif süresi bir ay içinde sona erecek
common_voice_tr_19196923.wav,169004,burada arkadaşlarım iyi adamlar var
common_voice_tr_19196943.wav,184364,bayanlar sekizlide rumenler son şampiyondular
common_voice_tr_19196944.wav,134444,tabii ki riskler var
common_voice_tr_19196979.wav,142124,muhabbet etmek için yanımıza geliyorlar
common_voice_tr_19196958.wav,171308,bence olmama olasılığı oldukça yüksek
common_voice_tr_19196980.wav,199724,projenin ilk safhası otuz bir okulu kapsayacak
common_voice_tr_19196982.wav,142124,şu anda ikisi de işsiz durumda
common_voice_tr_19197016.wav,129068,ancak komünistler iki
common_voice_tr_19197019.wav,132908,yeni bir girişimin yararı olacak mı
common_voice_tr_19197018.wav,149804,bir diğer engel de kaynak yetersizliği
common_voice_tr_19197020.wav,144428,bu her zaman ve her yerde doğrudur
common_voice_tr_19197024.wav,153644,sizce bu bütçe mali açıdan ne kadar istikrarlı
common_voice_tr_19197025.wav,111404,düşüş genel ekonomik krize bağlandı
common_voice_tr_19201461.wav,192044,hakemler bir dolu hata acemi hataları yaptılar
common_voice_tr_18237805.wav,145964,ancak katılım nispeten düşük gerçekleşti
common_voice_tr_18237806.wav,129068,çatışmada bir polis memuru hafif yaralandı
common_voice_tr_18237808.wav,92204,bir porsiyonda kaç gram yağ vardır
common_voice_tr_18237809.wav,106028,kosova'da bu duruma karışık tepkiler geldi
common_voice_tr_18237816.wav,121388,ancak komisyon yine de güçlüklerle karşılaştı
common_voice_tr_18237818.wav,107564,yerel halka gidilecek kulüpleri sorduk
common_voice_tr_18237817.wav,117548,bugüne dek herkes hizmetlerimizden memnun kaldı
common_voice_tr_18237819.wav,84524,tahminler artık doğrulandı
common_voice_tr_18237822.wav,119084,kısıtlamaların kesin içeriği gizli tutuluyor
common_voice_tr_18237832.wav,115244,bombalardan biri patlarken diğeri patlamadı
common_voice_tr_18237835.wav,115244,uygulamaya mart iki bin sekizde başlanacak
common_voice_tr_18237833.wav,122924,bu işbirliği o günden bu yana sürekli büyüdü
common_voice_tr_18237842.wav,99884,etkinlik avrupa sinemasını tanıtıyor
common_voice_tr_18237859.wav,65324,bunlar faşist
common_voice_tr_18237857.wav,86828,bu konuda yapılmış pek çok şey var
common_voice_tr_18237856.wav,86828,çoğunluk bundan şüphe duyuyor
common_voice_tr_18237867.wav,130604,hükümet de bu çağrılara kulak tıkamadı
common_voice_tr_18237871.wav,106028,hükümler sert tepkilere yol açtı
common_voice_tr_18237870.wav,138284,aynı rakam iki bin iki yılında yüzde dokuz virgül altı idi
common_voice_tr_18237877.wav,115244,kampanya süresi de otuz günden yirmi güne indirildi
common_voice_tr_18237885.wav,129068,etkinlikte altmış ülkeden beş yüz karikatür yer alacak
common_voice_tr_18237878.wav,88364,pek çoğu da hapse atılmıştı
common_voice_tr_18237888.wav,122924,takım üç sezondur şampiyonluğu elden bırakmıyor
common_voice_tr_18237889.wav,106028,skor üç sıfır oldu
common_voice_tr_18237893.wav,103724,yüzlercesi hakkında ise davalar açıldı
common_voice_tr_18237890.wav,119084,ancak bu mahkeme sadece danışmanlık rolüne sahip
common_voice_tr_18237891.wav,113708,en sonunda oturum on altı ekim'de başladı
common_voice_tr_18237896.wav,99884,kurbanlar anısına sokaklara çiçekler bırakıldı
common_voice_tr_18237899.wav,130604,mücadele iki iki iki bir iki iki sonuçlandı
common_voice_tr_18237897.wav,99884,ancak süreçte daha fazla ilerleme kaydedilmedi
common_voice_tr_18237900.wav,96044,festival on iki kasım'a kadar devam edecek
common_voice_tr_18237898.wav,159788,yeni zadar limanı iki bin on bir yılında hizmete girecek
common_voice_tr_18237906.wav,98348,bunun da gelecek ay gerçekleşmesi bekleniyor
common_voice_tr_18237904.wav,117548,anlaşmanın ayrıntıları belirsizliğini koruyor
common_voice_tr_18237905.wav,92204,biz iki tarafı da desteklemiyoruz
common_voice_tr_18237913.wav,86828,mevki iki yıldır boş bulunuyor
common_voice_tr_18237918.wav,111404,konukların yüzde altmış altısı yabancılardan oluşuyor
common_voice_tr_18237920.wav,111404,sergiye on üç ülkeden kırk üç sanatçı katılıyor
common_voice_tr_18237924.wav,111404,kosor henüz bu meydan okumaya yanıt vermiş değil
common_voice_tr_18237943.wav,98348,bu sefer durum çok daha farklı
common_voice_tr_18237944.wav,117548,ancak hastalığı bu arzusuna engel oldu
common_voice_tr_18237940.wav,199724,bu başarının sırrı ne sırp halkını klasik müziğe nasıl yakınlaştırdınız
common_voice_tr_18237950.wav,130604,zaman içinde ikilinin arasında bir aşk doğuyor
common_voice_tr_18237947.wav,111404,türk liderlerin on altı
common_voice_tr_18237956.wav,122924,etkinliğe dokuz ülkeden kırk dokuz ressam katıldı
common_voice_tr_18237958.wav,111404,yunan takımı rusya'yı on üç on yendi
common_voice_tr_18238009.wav,119084,son derece uluslararası bir zihniyetteler
common_voice_tr_18238011.wav,125228,fakat bütün siyasiler bu kadar şanslı değildi
common_voice_tr_18238014.wav,79148,ama bu olmadı
common_voice_tr_18238016.wav,107564,proje yedi yüz milyon avro tutacak
common_voice_tr_18238015.wav,111404,ancak yeni yasa herkese uygulanmayacak
common_voice_tr_18238017.wav,99884,komşu kosova'da da durum aynı
common_voice_tr_19104250.wav,166700,romanya'da faal durumda sadece otuz sinema var
common_voice_tr_19104259.wav,145196,ancak bedel çok daha yüksek olabilir
common_voice_tr_19104269.wav,101420,bu yıl farklı
common_voice_tr_19104271.wav,112940,çekimlere iki bin on birde başlayacağız
common_voice_tr_19104273.wav,164396,bir diğer on altı bin altı yüz altmış iki kişi ise halen kayıp
common_voice_tr_19104279.wav,145196,ayrıca basın enformasyonundan da sorumluydu
common_voice_tr_19104282.wav,161324,harizaj mahkemede hiçbir açıklamada bulunmadı
common_voice_tr_19104289.wav,123692,duruşma on bir ekim'de yapılacak
common_voice_tr_19104290.wav,110636,herkes aynı duyguyu paylaşmıyor
common_voice_tr_19104294.wav,139820,biz ikinci sınıf avrupalılar değiliz
common_voice_tr_19104297.wav,104492,ziyaretin amacı neydi
common_voice_tr_19104305.wav,132140,ancak bu seçimlerin ikinci turu olmayacak
common_voice_tr_19104327.wav,122924,hareketle ilgili tartışmalar da çıkmadı değil
common_voice_tr_19104318.wav,135980,çocuklar hangi kategoriyi tercih ediyorlar
common_voice_tr_19104328.wav,129836,fabrikanın bir yıl içinde açılması bekleniyor
common_voice_tr_19104334.wav,101420,şimdi sıra onlara geldi
common_voice_tr_19104337.wav,139052,bu fazlanın bu yıl daha da artması bekleniyor
common_voice_tr_19104343.wav,170540,mevcut durum bu tür bir güce ihtiyaç duyulmayacak kadar güvenli mi
common_voice_tr_19104344.wav,106028,sekiz yıldır iktidardaydı
common_voice_tr_19104345.wav,120620,makroekonomik durum tekin kabul ediliyor
common_voice_tr_19104346.wav,162860,uiki bin dokuz yüz doksan yedi yılında saraybosna'da çaldı
common_voice_tr_19104357.wav,97580,savunma en güçlü unsur
common_voice_tr_19104365.wav,81452,ardından saçı kesiliyor
common_voice_tr_19104367.wav,93740,oyunla ilgili son gelişmeler nedir
common_voice_tr_19104380.wav,143660,toplam bin iki yüz civarında test yapılması bekleniyor
common_voice_tr_19104394.wav,132140,bükreş'e geldiğinde çocuk babasını arar
common_voice_tr_19104383.wav,165932,yaklaşık kırk milyon seçmen sandık başına gitti
common_voice_tr_19104371.wav,92972,ayrıntılı bilgi verilmedi
common_voice_tr_19104410.wav,119852,sonunda bütün suçlamalar düşürüldü
common_voice_tr_18351503.wav,149804,kotooshu unvanı on üç birlik skorla kazandı
common_voice_tr_18351504.wav,195884,merkezin iki bin on iki yılında açılması planlanıyor
common_voice_tr_18351554.wav,98348,orada hayat farklı
common_voice_tr_18351547.wav,144428,yüzde yüz uygulama sağlayamayız
common_voice_tr_18351578.wav,119084,şirket haftada üç sefer yapmayı planlıyor
common_voice_tr_18351577.wav,98348,adının açıklanmasını da istemiyor
common_voice_tr_18351557.wav,111404,otosansüre yaygın şekilde rastlanıyor
common_voice_tr_18351724.wav,115244,fakat mevcut realiteyi değiştirebilecekler mi
common_voice_tr_18351689.wav,98348,ancak hükümet tutumunu değiştirmiyor
common_voice_tr_18351723.wav,109868,bu açıdan sağlık alanında belirsiz bir fark var
common_voice_tr_18351762.wav,106028,ancak bunu uygulamak daha büyük bir sorun olacak
common_voice_tr_18351763.wav,82988,bu şüphelere ne yanıt veriyorsunuz
common_voice_tr_18351766.wav,103724,festival beş ağustos'a kadar devam edecek
common_voice_tr_18351777.wav,107564,bu yıl da bir tane düzenlenmesi planlanıyor
common_voice_tr_18351780.wav,94508,şimdiki oran yüzde elli iki
common_voice_tr_18351799.wav,94508,yumurta aklarını şekerle karıştırın
common_voice_tr_18351812.wav,142124,makedonya bu yıl otuz adet t yetmiş iki tankı aldı
common_voice_tr_18351823.wav,125228,bulgaristan'da şimdiye kadar vaka bildirilmedi
common_voice_tr_18351842.wav,122924,sergide yüz elli taslak ve kolaj çalışması yer alıyor
common_voice_tr_18351858.wav,113708,eşi oğlu ve torunuysa ağır yaralandı
common_voice_tr_18351909.wav,90668,çiftçiler en başta iyimserdiler
common_voice_tr_18351910.wav,92204,festival altı nisan'da sona eriyor
common_voice_tr_18351907.wav,98348,arnavutluk'ta ihracat zayıf
common_voice_tr_18351908.wav,76844,bir kişi serbest bırakıldı
common_voice_tr_18351911.wav,80684,geleceği tahmin etmek zor
common_voice_tr_17415314.wav,117548,halkın yaklaşık yüzde otuz üçü oy kullanmayacak
common_voice_tr_17415336.wav,103724,çift saraybosna'dan karadağ'a geçti
common_voice_tr_17415348.wav,82988,onlar şanslı olanlar
common_voice_tr_17443718.wav,92204,bunun olmayacağını da düşünüyorum
common_voice_tr_17443719.wav,71468,ama yapamaz
common_voice_tr_17443732.wav,94508,eşyalara soruşturmanın devamı için el kondu
common_voice_tr_17443737.wav,113708,bu itirazlar dışında hükümet başarısından emin
common_voice_tr_17443739.wav,103724,toprak kaymaları da oldukça sık yaşanıyor
common_voice_tr_17443743.wav,142124,ancak bu oldukça engebeli bir yol
common_voice_tr_17443744.wav,76844,katliam devam etti
common_voice_tr_17443765.wav,102188,seçim yasasında ne gibi değişiklikler yapılmalı
common_voice_tr_17443772.wav,94508,hükümet sorunla baş etmek için adımlar atıyor
common_voice_tr_17443775.wav,80684,bunların on milyon avroluk bir bütçeleri var
common_voice_tr_17443773.wav,167468,sırbistan kosova tarafından verilen araç plakalarını ve evrakları tanıyacak mı
common_voice_tr_17443769.wav,92204,bu rakamlar belirgin şekilde artabilir
common_voice_tr_17443784.wav,59948,on iki ülke henüz tanımadı
common_voice_tr_17443785.wav,73004,halka her şeyi açıklayacağız
common_voice_tr_17443788.wav,56108,bunlar savaş suçluları
common_voice_tr_17443794.wav,80684,sergi ocak ayına kadar devam edecek
common_voice_tr_17443800.wav,107564,karşılıklı olarak bayram tebrikleri ediliyor
common_voice_tr_17443804.wav,99884,bizim politikamız budur
common_voice_tr_17443805.wav,107564,hırsızlar hazır olmayacak bir fidye yolu arıyor
common_voice_tr_17443808.wav,132908,dokunulmazlık günleri nihayet sona ermişti
common_voice_tr_17443811.wav,140588,toplam yatırım bedeli altı virgül beş milyon avroya ulaştı
common_voice_tr_17443806.wav,98348,daha sonra bu kişi yemek masasını hazırlar
common_voice_tr_17443809.wav,107564,adaylık ocak ayı sonunda sunulacak
common_voice_tr_17443814.wav,69164,ancak zorluklar da yok değil
common_voice_tr_17443821.wav,161324,türkiye ticari çıkarlarını libya'daki insanlık krizinin üstünde mi tutuyor
common_voice_tr_17443832.wav,90668,bu hiç de haksız bir heveslilik değil
common_voice_tr_17443829.wav,99884,doğrudan ya da dolaylı olarak hepimizi etkiliyor
common_voice_tr_17443825.wav,92204,belgrad'daki camiyi bile ziyaret etti
common_voice_tr_17910982.wav,59948,diğer iki kişi bosnalı
common_voice_tr_17910998.wav,102188,sendikalar bir dizi grev yapılacağını duyurdu
common_voice_tr_17460345.wav,107564,bu harika bir kaçış mekanizması da olur
common_voice_tr_17910999.wav,99884,bu aşamaya gelebilen dava sayısı zaten çok az
common_voice_tr_17910981.wav,96044,gerçekten de bu süreci hızlandırmak istiyoruz
common_voice_tr_17911000.wav,84524,yine de reform çığlıkları giderek büyüdü
common_voice_tr_17911026.wav,99884,kosova fiili ve meşru bir devlettir
common_voice_tr_17911023.wav,98348,su parkı da iki bin altı yılında açıldı
common_voice_tr_17911024.wav,98348,festival yirmi iki eylül'e kadar devam edecek
common_voice_tr_17911025.wav,71468,bunun hakkında ne düşünüyorsunuz
common_voice_tr_17911063.wav,88364,hırvat liderler de bunu kabul ettiler
common_voice_tr_17911066.wav,80684,bu üçüncü kez saldırıya uğrayışım
common_voice_tr_17911041.wav,107564,fuara katılanlar yüz elli binden fazla kitap sattılar
common_voice_tr_17911078.wav,98348,bize bir amerikan birliğiymişiz gibi davranıyorlar
common_voice_tr_17911080.wav,82988,bazı tanıklar ifade vermeyi reddetti
common_voice_tr_17911090.wav,98348,ancak sırpların hepsi değişikliği kabul etmiyor
common_voice_tr_17911105.wav,92204,bu alanda daha neler yapılması gerekiyor
common_voice_tr_17911113.wav,172844,acaba ülke moskova'dan gelecek destek konusunda gereğinden fazla umut besliyor olabilir mi
common_voice_tr_17911114.wav,103724,tüketici kredisi de bu konuda rol oynadı
common_voice_tr_17911145.wav,65324,sizin buna tepkiniz ne olacak
common_voice_tr_17911146.wav,69164,fakat sadece reklam yetmiyor
common_voice_tr_17911157.wav,49964,her şey çok kaotik
common_voice_tr_17911161.wav,99884,binlerce kişi de coşkuya stadın dışından katıldı
common_voice_tr_17911158.wav,71468,kıbrıs türk kesimi ise evet oyu verdi
common_voice_tr_17911169.wav,76844,ancak iki taraf da konuşma yapmadı
common_voice_tr_17911172.wav,82988,aynı şey bilgisayarlarda niye yapılmasın
common_voice_tr_17911183.wav,99884,bazı adaylar tanınmış küresel şirketlerden geldi
common_voice_tr_17911194.wav,99884,hafta sonu ülkeye elli santimetre daha kar yağdı
common_voice_tr_17911188.wav,76844,programdan on beş belediye yararlanacak
common_voice_tr_17911197.wav,94508,bu zıt güçleri dengelemekse hiç de kolaylaşmıyor
common_voice_tr_17911200.wav,71468,tek sorun yatırım ve zaman kaybı da değil
common_voice_tr_17911205.wav,73004,filmin senaryosu da bagiç'e ait
common_voice_tr_17911207.wav,75308,bosnalı sırp polisi de destek verdi
common_voice_tr_17911212.wav,94508,yine tatile çıkıyorlar ama eskisi gibi değil
common_voice_tr_17911215.wav,92204,ancak ülkenin notları hemen revize edilmeyecek
common_voice_tr_17911227.wav,90668,maç doksan bir yetmiş yedilik skorla bitti
common_voice_tr_17911235.wav,96044,gençliğin uzatılması fenomeni ise hala yaşıyor
common_voice_tr_17842671.wav,97580,makedonya bir
common_voice_tr_17842692.wav,147500,savcılık daha sonra suçlamaları geri almıştı
common_voice_tr_17842697.wav,159020,zafer türkiye ile oynanan finallerde geldi
common_voice_tr_17842698.wav,94508,ardından işyeri sorunu geliyor
common_voice_tr_17842718.wav,185900,en yaygın bağlantı hızı iki yüz megabit saniye
common_voice_tr_17842719.wav,79916,felsefemiz
common_voice_tr_17842720.wav,127532,ancak bu iş kolay olmayacak
common_voice_tr_17842732.wav,105260,profesyonel kariyeriniz nasıl başladı
common_voice_tr_17842751.wav,126764,miro on oy alarak adaylığı kazandı
common_voice_tr_17842758.wav,135212,halk için asıl kriz sosyo ekonomik
common_voice_tr_17842790.wav,122156,üç kuruma da danışmadan bir karar verilmemeli
common_voice_tr_17842772.wav,102188,bu imkansız
common_voice_tr_17842820.wav,86060,bu düşünceler bugün bile tepki alıyor
common_voice_tr_17842829.wav,87596,siz buna inanıyor musunuz
common_voice_tr_17842821.wav,84524,yaralanmalara sık rastlanıyor
common_voice_tr_17842861.wav,106796,slyivancanin ise hala kayıp
common_voice_tr_17842847.wav,134444,reformları uygulamak için çok çalışmalıyız
common_voice_tr_17842865.wav,145196,ne var ki erdoğan davaya destek vermedi
common_voice_tr_17842878.wav,117548,kitap yüzde otuz yabancı dilde basılacak
common_voice_tr_17842876.wav,128300,anlaşmanın değeri beş yüz milyon dolar
common_voice_tr_17842880.wav,103724,ancak pek çok arnavut bundan şüpheli
common_voice_tr_17842883.wav,158252,ancak gerekli olan siyasi irade mevcut değildi
common_voice_tr_17842886.wav,103724,kosova'nın kuzeyini kim kontrol ediyor
common_voice_tr_17842884.wav,124460,bunda mesafelerin yakın olmasının da payı büyük
common_voice_tr_17842888.wav,116012,konsere on binden fazla insan katıldı
common_voice_tr_17842905.wav,109100,ziyaret yirmi aralığa değin sürecek
common_voice_tr_17842898.wav,147500,bir diğer eşsiz yerel ürün de koyun peyniri
common_voice_tr_17842909.wav,89900,tipik roman yüzü var bende
common_voice_tr_17842910.wav,64556,bu noktada değil
common_voice_tr_17842907.wav,105260,uluslararası toplum da saldırıları kınadı
common_voice_tr_17842922.wav,89900,rapor altı ekim'de yayınlanacak
common_voice_tr_17842920.wav,96044,en az altmış kişi hayatını kaybetti
common_voice_tr_17842928.wav,85292,karara karşı çıkan kesimler oldu
common_voice_tr_18266708.wav,145196,ancak eylemin siyasi boyutu da var mıydı
common_voice_tr_18266723.wav,135212,sorunlu alanlardan birisi belge güvenliği
common_voice_tr_18266725.wav,135980,fakat süreci geciktiren iki etken oldu
common_voice_tr_18266721.wav,126764,şikayet iki bin altı yılında sunulmuştu
common_voice_tr_18266778.wav,143660,ülkede iki bin iki yüz elli altı sandık merkezi olacak
common_voice_tr_18266788.wav,137516,fabrikanın bin beş yüz işçiye iş sağlaması bekleniyor
common_voice_tr_18266787.wav,88364,tihomir staniç
common_voice_tr_18266826.wav,121388,noel bir sonraki gün yani yedi ocak'ta kutlanır
common_voice_tr_18266795.wav,116012,bu konuda gerçek nedir
common_voice_tr_18266849.wav,136748,fuara yaklaşık on beş sırp şirketi katıldı
common_voice_tr_18266850.wav,105260,oylar teker teker elle sayılacak
common_voice_tr_18266836.wav,105260,etkinlik yirmi sekiz ekim'de sona erecek
common_voice_tr_18278585.wav,122924,hırvatistan'ın da iyimser olmak için nedeni var
common_voice_tr_18278599.wav,121388,bu arada asıl sorun da ortadan kalkmış değil
common_voice_tr_18278601.wav,290348,selin kontrol edilememesi ihtimali hakkındaki fikri sorulan cumhurbaşkanı allah korusun dedi
common_voice_tr_18278611.wav,124460,aylardır süren siyasi kriz artık sona mı eriyor
common_voice_tr_18278623.wav,117548,napolyon bin sekiz yüz sekizde buradaymış
common_voice_tr_18278602.wav,102188,bu dallar badnik'te yakılacak
common_voice_tr_18278624.wav,128300,pukaniç hem saygın hem de tartışmalı bir isimdi
common_voice_tr_18375327.wav,142892,kokaini taşıyan tır makedon plakalıydı
common_voice_tr_18278644.wav,101420,çocuklarını geri kabul ediyorlar mı
common_voice_tr_18439790.wav,115244,bu arada bahisler de yükseliyor
common_voice_tr_18375352.wav,124460,ancak proje bir engele takıldı
common_voice_tr_18439811.wav,109868,fakat sadece aileler değil
common_voice_tr_18439812.wav,180524,yine teknolojiye güvenip olanlara kayıtsız kalmak mümkün mü
common_voice_tr_18375350.wav,121388,herşeyin bir kapasitesi var değil mi
common_voice_tr_18439823.wav,115244,bunun olacağını sanmıyorum
common_voice_tr_18439813.wav,148268,yetkililer silahları hala geri alamadılar
common_voice_tr_18439851.wav,111404,yasaya karşı oy verilmedi
common_voice_tr_18439861.wav,134444,biletler yirmi yedi mart'ta satışa çıkacak
common_voice_tr_18439869.wav,134444,gruevski pek çok vaatte bulunuyor
common_voice_tr_18439854.wav,145964,bunlara daha beslenme çantası dahil değil
common_voice_tr_18439876.wav,159788,yeni mağazada yetmiş binin üzerinde ürün bulunuyor
common_voice_tr_18439877.wav,140588,bulgaristan iki boru hattı projesinde yer alıyor
common_voice_tr_18439879.wav,161324,tesla on temmuz bin sekiz yüz elli altıda doğdu
common_voice_tr_18439882.wav,188204,kitle iletişim araçlarının çoğalması kaliteyi de beraberinde getiriyor mu
common_voice_tr_18439881.wav,109868,fuar pazar günü sona eriyor
common_voice_tr_18439905.wav,122924,zanlı gıyaben yargılanmaya başladı
common_voice_tr_18439880.wav,148268,hiçbir siyasi durum hakkında yorumumuz yoktur
common_voice_tr_18439903.wav,148268,daha sonra bu rakamın da çok üzerine çıkıldı
common_voice_tr_18439909.wav,129068,protestocular salondan çıkarıldılar
common_voice_tr_18439932.wav,142124,bu arada enerji piyasası da serbest bırakılacak
common_voice_tr_18439952.wav,136748,ordu kente girerse kaçabilirler
common_voice_tr_18439922.wav,226604,türkiye ile uzun vadeli bir ortaklık sağlanması konusuna ilişkin beklentileriniz neler
common_voice_tr_18439953.wav,134444,onu fetheden komutan ne güzel komutandır
common_voice_tr_18439957.wav,132908,bugünse türkiye'nin çıkarları çok daha karışık
common_voice_tr_18439955.wav,119084,peki bu siyasi irade mevcut mu
common_voice_tr_18439968.wav,145964,tarihi prizren'de dar sokaklar parke taşından
common_voice_tr_18439984.wav,126764,panasonic sırbistanda üretime başlıyor
common_voice_tr_18439997.wav,161324,fakat ülke bu pazar konumundan sonuna kadar yararlanabiliyor mu
common_voice_tr_18439998.wav,163628,makedonya bu konuda tam olarak ne denli katkıda bulundu
common_voice_tr_18439978.wav,130604,bu yılki festival yirmi sekiz şubat'ta sona eriyor
common_voice_tr_18440018.wav,140588,kredinin vadesi sekiz yıl olarak belirlendi
common_voice_tr_18440041.wav,102188,teşkilata yığınla başvuru var
common_voice_tr_18440047.wav,132908,ancak başbakanın beklediği şekilde değil
common_voice_tr_18440050.wav,134444,etkinlikte arnavut yayınevleri çoğunluktaydı
common_voice_tr_19477330.wav,89900,bu hedefe ulaşıldı mı
common_voice_tr_19477331.wav,122924,bundan sonra bir şeylerin değişmesi gerekecek
common_voice_tr_19477338.wav,117548,ancak hükümet bu kaygıları dağıtmaya çalıştı
common_voice_tr_19477332.wav,112940,fon modernizasyonun finansmanında kullanılacak
common_voice_tr_19477437.wav,109868,en zengin siyasi sicile ivaniç sahip
common_voice_tr_19477427.wav,83756,uzlaşmak istemiyorlar
common_voice_tr_19477441.wav,83756,adeta küçük bir kasabayı andırır
common_voice_tr_19477452.wav,104492,festival yirmi sekiz nisan'a kadar devam edecek
common_voice_tr_19477472.wav,116012,gasiç ailesi kalmaya karar verenlerden
common_voice_tr_19477473.wav,117548,ancak bu tarihten beri momentum tekrar durdu
common_voice_tr_19477475.wav,122156,bir sonraki toplantının tarihi de belirlenemedi
common_voice_tr_19477482.wav,105260,bankadan alınacak yardım üç alanda yoğunlaşacak
common_voice_tr_19477476.wav,109100,projeler programın gerisinde ve durmuş durumda
common_voice_tr_19477488.wav,89900,kimliği belirsiz bir kurban da anılıyor
common_voice_tr_19477483.wav,92204,ancak bu bakanın hoşuna gitmedi
common_voice_tr_19477484.wav,109868,makedonya'daysa kayıplar yüzde yirmi bir arttı
common_voice_tr_19477500.wav,116780,hırvatlar bu yazın turizm sezonundan endişeli
common_voice_tr_19477493.wav,79148,soruşturma sekiz ay sürdü
common_voice_tr_19477517.wav,85292,ancak istisnalar da yok değil
common_voice_tr_19477519.wav,106796,bizim kendimize bakmamız lazımdır
common_voice_tr_19477525.wav,116780,etkinliğin ana konusu kategori teorisiydi
common_voice_tr_19477557.wav,77612,bu büyük bir ilerleme
common_voice_tr_19477569.wav,78380,bunlar nerede iş bulacaklar
common_voice_tr_19477577.wav,79916,limana gitmek bile eğlenceli
common_voice_tr_19477586.wav,97580,biliç takımının başında kalmayı planlıyor
common_voice_tr_19477591.wav,105260,bundan aşağısı ise hayal kırıklığı demek olacak
common_voice_tr_19477595.wav,91436,sergi üç hafta süreyle açık kalacak
common_voice_tr_19477592.wav,126764,şu anda makedonya'nın cezaevi nüfusu iki bin iki yüz
common_voice_tr_19477596.wav,104492,fabrikanın yedi yüz kişiye iş sağlaması bekleniyor
common_voice_tr_19477600.wav,85292,birbiri ardına istifa ettiler
common_voice_tr_19477610.wav,92972,bu bizim için bir meydan okumaydı
common_voice_tr_19477604.wav,92972,yemek alanı sokak lambalarıyla aydınlatıldı
common_voice_tr_19477620.wav,111404,diğerleri daha şüpheci bir tavır takınıyorlar
common_voice_tr_19477617.wav,121388,organize suç siyaseti ve basını kirletiyor
common_voice_tr_19477624.wav,109868,top artık uluslararası toplumun karar organında
common_voice_tr_19477632.wav,104492,bazı okullarda pilot projeler çoktan başlatıldı
common_voice_tr_19477627.wav,98348,bu yılki fuarda çocuk edebiyatı vurgulanıyor
common_voice_tr_19477637.wav,93740,ancak siyasi rakipleri aynı fikirde değil
common_voice_tr_19477641.wav,109100,elbette ki her duyduğunuza inanamazsınız
common_voice_tr_19477639.wav,112172,peki bu sorunlarla başa çıkma şansımız nedir
common_voice_tr_18372545.wav,147500,bu bağımsız ama mesajı olan bir film
common_voice_tr_18376824.wav,130604,bu yılki etkinliğin onur konuğu mısır idi
common_voice_tr_18376834.wav,122156,oylamaya on yedi milletvekili katılmadı
common_voice_tr_18376835.wav,99884,yabancı dil eğitimi getirilmeli
common_voice_tr_18372549.wav,138284,değişmesini istediğiniz şeyler neler
common_voice_tr_18376843.wav,129068,reform süreçlerinin hızından memnun musunuz
common_voice_tr_18376848.wav,69932,nerede
common_voice_tr_18376850.wav,152108,bu engelleri aşmada ne gibi bir plan uygulanacak
common_voice_tr_18376847.wav,133676,bu sürecin en az iki yıl sürmesi bekleniyor
common_voice_tr_18376851.wav,132140,bir de ünlülerin yazdığı anı kitapları var
common_voice_tr_18376854.wav,110636,onlara komünist sistemi anlattı
common_voice_tr_18376866.wav,202796,bu misyonlarda yer almak makedonya'ya nasıl bir deneyim ve kazanım sağladı
common_voice_tr_18376872.wav,129068,bu saldırıyla uğraşacak zamanları olmalı
common_voice_tr_18376875.wav,98348,makedonya henüz tanınmadı
common_voice_tr_18376883.wav,138284,devlet koruması altındaki bir eser haline gelmiş
common_voice_tr_18376890.wav,103724,son yugo müzeye konuyor
common_voice_tr_18376899.wav,198956,çocuk bin dokuz yüz doksan dokuz yılında satıldığında üç yaşındaydı
common_voice_tr_18376898.wav,119852,kosova'da en sevdiğim yiyecek mi
common_voice_tr_18376968.wav,128300,papademos zorlukları kabul ediyor
common_voice_tr_18376969.wav,161324,bu da rekabetçiliği ve istihdamı olumsuz etkiler
common_voice_tr_18376995.wav,136748,fakat bu alanda az bir ilerleme kaydedildi
common_voice_tr_18376993.wav,143660,burada da yaklaşık yüz yirmi beş bin avro toplandı
common_voice_tr_18376996.wav,139052,davanın pazartesi günü açılması gerekiyordu
common_voice_tr_18377027.wav,184364,makedonya ise dokuzuncu grupta üçüncü sırada yer alıyor
common_voice_tr_18377041.wav,127532,hırvat tarımı ayakta kalabilecek mi
common_voice_tr_18377249.wav,89132,korg
common_voice_tr_18377256.wav,155948,ailenin her ferdine birer dilim dağıtılıyor
common_voice_tr_18377258.wav,193580,buna harcanan paraya değer kriz ne kadar büyük olursa olsun
common_voice_tr_18377257.wav,153644,fakat avrupa kamuoyu buna ikna oldu mu
common_voice_tr_18377268.wav,153644,yine de ordunun değişmekte olduğuna inanıyor
common_voice_tr_18377284.wav,125996,grup biraz dil engeliyle karşı karşıya
common_voice_tr_18377283.wav,124460,sonuç olarak bir de iftirayla suçlandılar
common_voice_tr_18377287.wav,96044,yatırımcılar bunu bekliyor
common_voice_tr_18377289.wav,108332,olaylarda yaralanma bildirilmedi
common_voice_tr_18377286.wav,140588,sorun kamuoyunda tartışmalara yol açtı
common_voice_tr_18377290.wav,134444,bu oran daha hızlı bir şekilde aşağı çekilmeli
common_voice_tr_18377307.wav,92204,kentas bundan emin değil
common_voice_tr_18377295.wav,121388,bu iddialarla ilgili yorumlarınız nelerdir
common_voice_tr_18377294.wav,138284,zamanın hepimizin lehine işlediğine de eminim
common_voice_tr_18377308.wav,98348,fiyatlar çok yüksekti
common_voice_tr_18377312.wav,136748,kararın kosova'daki yansımaları ne oldu
common_voice_tr_19190265.wav,176684,bunun sırbistan açısından anlamı yüzde on daha yüksek bir enflasyon mu
common_voice_tr_19190268.wav,138284,parun şu anda otobiyografisi üzerinde çalışıyor
common_voice_tr_19190269.wav,161324,ülkenin hala devlet amblemi ve ulusal marşı yok
common_voice_tr_19190279.wav,155948,şimdiye kadar yerine getirilen ve getirilmeyen koşullar neler
common_voice_tr_19190282.wav,126764,korsancılık bir yerde ucuza eğlence demek
common_voice_tr_19190283.wav,194348,peki polis reformunun gerçekleştirilmemesi kimin için faydalı olacak
common_voice_tr_19190285.wav,107564,teller mart ayı başlarında kaldırılacak
common_voice_tr_19190280.wav,138284,onları bekleyen başlıca güçlükler nelerdir
common_voice_tr_19190289.wav,119084,türkiye için müzakere sürecine geçildi
common_voice_tr_19190291.wav,136748,yunanistan formula bir pisti için yeri seçti
common_voice_tr_19190297.wav,159788,toplam mal varlığı iki yüz seksen sekiz milyon avro civarında
common_voice_tr_19190303.wav,113708,konu dinleyicilerin bam teline dokundu
common_voice_tr_19190301.wav,138284,boskovski tüm suçlamaları reddetti
common_voice_tr_19190305.wav,115244,bizi bilgilendirmek zorunda değiller
common_voice_tr_19190306.wav,126764,fikirler bol olsa da kaynaklar kısıtlı
common_voice_tr_19190313.wav,132908,projenin iki bin yedi yılında tamamlanması bekleniyor
common_voice_tr_19190317.wav,155948,bu rakamın yüzde kırk altı virgül yetmiş dokuzunu kadınlar oluşturuyor
common_voice_tr_19190325.wav,145964,bunlar tutukevindeki tek zavaş suç zanlıları
common_voice_tr_19190324.wav,119084,o zamandan bu yana bin engelli iş buldu
common_voice_tr_19190332.wav,102188,nasıl bir makedonya düşünüyorsunuz
common_voice_tr_19190327.wav,115244,daha da yüksek hedeflere ulaşmayı düşünmeyeceğim
common_voice_tr_19190328.wav,119084,bugünse bu kasa dolu olmaktan çok boş
common_voice_tr_19190334.wav,86828,belgede yargıya da değinildi
common_voice_tr_19190337.wav,92204,gora yaşamak için kolay bir yer değil
common_voice_tr_19190344.wav,96044,sanatçı ilkinde solo çalmıştı
common_voice_tr_19190356.wav,103724,sadece bir kişi kurtulmayı başarmıştı
common_voice_tr_19190363.wav,122924,hırvat medyası da bize destek ve yer veriyor
common_voice_tr_19190364.wav,109868,adamlardan biri helikopterin dışına fırlamıştı
common_voice_tr_19190369.wav,140588,sırplar ve arnavutlar ulusal bir barış sağlayabilir mi
common_voice_tr_19190365.wav,121388,arnavutluk'ta üç virgül altı milyon kişi yaşıyor
common_voice_tr_19190372.wav,96044,peki bu kayıtsızlığın sebebi ne
common_voice_tr_19190391.wav,119084,balkanlar'da gazeteci olmak zor olabilir
common_voice_tr_19190390.wav,122924,bunların arasında üç de kadın polis bulunuyor
common_voice_tr_19190392.wav,126764,mladiç şimdilik hala kaçak durumunda
common_voice_tr_19190411.wav,106028,lukiç lahey'e iadesine karşı çıkmadı
common_voice_tr_19190409.wav,115244,sanader artık siyasete girmediğini de vurguladı
common_voice_tr_19190412.wav,121388,ban ziyaret için kesin bir tarih vermedi
common_voice_tr_19190414.wav,106028,sizce yeni gerginlikler ortaya çıkabilir mi
common_voice_tr_19190424.wav,142124,bu malların kaynağını kontrol etme amaçlı tedbirler alacak mısınız
common_voice_tr_19190425.wav,92204,artık çok kaliteli gazeteciler var
common_voice_tr_19190433.wav,65324,çok güzel
common_voice_tr_19190452.wav,125228,her ikisi de bin dokuz yüz doksan altıdan beri saklanıyor
common_voice_tr_19190454.wav,99884,bu değerlendirme temmuz ayında yapılacak
common_voice_tr_19190456.wav,113708,hükümet satış için başka bir neden daha sunuyor
common_voice_tr_19190463.wav,99884,bu işleri mahkemelere bırakalım
common_voice_tr_19190455.wav,113708,buna rağmen sağlanan fayda çok büyük oldu
common_voice_tr_19190464.wav,111404,her iki ülke de ganiç'in iadesini istiyor
common_voice_tr_19190462.wav,103724,bisiklet adalar için de ideal bir araç
common_voice_tr_19192915.wav,86828,bu yeni bir baskı biçimi midir
common_voice_tr_19192919.wav,107564,ak projeye bir milyon avro sağlayacak
common_voice_tr_19192918.wav,115244,bu arada sırplar vatanlarını gururlandırıyorlar
common_voice_tr_19648405.wav,176684,bu yılki fuarda yirmi beş binden fazla kitap tanıtıldı
common_voice_tr_19648408.wav,163628,bu miktarın yaklaşık dokuz bin sekiz yüz tonu ihtiyaç fazlası
common_voice_tr_19648406.wav,172076,bu sandık merkezleri ikinci turda açık olacak
common_voice_tr_19648523.wav,116780,zagrep lego'ları sevdi
common_voice_tr_19648439.wav,155180,bu teklifleri hangi koşullarda kabul edersiniz
common_voice_tr_19648501.wav,90668,ya yaşasaydı
common_voice_tr_19648546.wav,132140,fakat yasayı değiştirmekle herşey hallolmuyor
common_voice_tr_19648548.wav,103724,erdoğan'ın eşi de türban takıyor
common_voice_tr_19648781.wav,134444,turistlerin büyük kısmı kosova'dan geliyor
common_voice_tr_19648782.wav,92204,bir çok şey yapılabilir
common_voice_tr_19648638.wav,133676,tek bir kart hepsinin kapılarını açıyor
common_voice_tr_19649872.wav,129836,anıtın yeri henüz belirlenmiş değil
common_voice_tr_19649873.wav,111404,zanlıların hepsi de trabzonlu
common_voice_tr_19649983.wav,231212,sizce bu uygulama onaylansaydı seçim sonuçlarının güvenilirliğini etkiler miydi
common_voice_tr_19649980.wav,112940,pisari uyarıyı duymadı
common_voice_tr_19650075.wav,127532,çok sıfırlı rakamlar kafa karıştırıcı olabiliyor
common_voice_tr_19650043.wav,143660,kimileri ise koşulları kabullenmekle yetiniyor
common_voice_tr_19650218.wav,126764,üç maç da bir sıfır skorla sona erdi
common_voice_tr_19650266.wav,120620,muhalefet partileri de şikayetteler
common_voice_tr_19650223.wav,128300,çalışmaya sekiz ülkeden on sekiz bilim insanı katıldı
common_voice_tr_19650270.wav,140588,balkanlar'da da bu daha az geçerli değil
common_voice_tr_19650379.wav,107564,yapılacak çok şey var
common_voice_tr_19650383.wav,95276,zanlı hala yakalanamadı
common_voice_tr_19650474.wav,102188,drugclan aynı fikirde değil
common_voice_tr_19650510.wav,145196,madde doğal uranyumun yüzde birden azını oluşturuyor
common_voice_tr_19650508.wav,102188,başka yolu kesinlikle yoktur
common_voice_tr_19650513.wav,116012,fakat bu kez protestolar olaysız geçti
common_voice_tr_19650582.wav,110636,bunun için de çalışmak gerekli
common_voice_tr_19650583.wav,152108,snezana pajkiç'in bugün nerede olduğunu biliyor musunuz
common_voice_tr_19650585.wav,126764,eski kent dubrovniğin etrafındaki duvar
common_voice_tr_19650584.wav,116012,dünya kupası geldi
common_voice_tr_19650718.wav,108332,zengin ve ünlü olmaya çalışmıyoruz
common_voice_tr_19650673.wav,119852,mülteciler ise çok nadiren türkçe konuşuyorlar
common_voice_tr_19650640.wav,97580,failler hala yakalanamadı
common_voice_tr_19650823.wav,132908,seçmenler yine kendisine karşı oy versinler diye mi
common_voice_tr_19650774.wav,183596,sırbistan'ın sancak'taki savaşan partileri müzakerelerle birleşebilir mi
common_voice_tr_19650802.wav,86828,hukukun üstünlüğü
common_voice_tr_19650878.wav,103724,sürecin aylarca sürmesi bekleniyor
common_voice_tr_17415907.wav,109868,yerleşim birimi derhal karantinaya alındı
common_voice_tr_19651004.wav,98348,buna karşı olan var mı
common_voice_tr_19651051.wav,150572,fakat mahallede hiçbir kültür mekanı yoktu
common_voice_tr_17415979.wav,145964,yeni işler üç ila on bir aylık süreleri kapsıyor
common_voice_tr_17415983.wav,107564,gazete pazarı büyük değişimler geçiriyor
common_voice_tr_17415992.wav,119084,nikoliç'in açlık grevinin etkileri ne oldu
common_voice_tr_17415995.wav,107564,ucuz diş bakımı bu konuda yalnız değil
common_voice_tr_17415997.wav,153644,anlaşmanın değeri yüz elli bin avro olarak belirlendi
common_voice_tr_19650957.wav,114476,oysa o bundan çok daha fazlasıdır
common_voice_tr_17415998.wav,122924,listede yirmi beş ülkeden filmler yer alıyor
common_voice_tr_17416041.wav,107564,satış bedeli yüz yirmi milyon avro oldu
common_voice_tr_17416039.wav,111404,reform finansal açıdan da faydalı
common_voice_tr_17416043.wav,121388,projeye iki bin on yılında başlanması planlanıyor
common_voice_tr_17416157.wav,115244,konserin tarihi ocak ayı ortasında açıklanacak
common_voice_tr_17416172.wav,102188,girişim bir halk hareketine de yol açtı
common_voice_tr_17416162.wav,122924,kampanyası kapsamında eğitim kursları düzenlendi
common_voice_tr_17416230.wav,106028,yine de iyimser olmak için neden yok değil
common_voice_tr_17416231.wav,192044,bir ekonomi salt kimi kurumları taklit etmeye çalışarak ileri düzeylere sıçrayabilir mi
common_voice_tr_17427035.wav,107564,kesin sonuçlar otuz gün içinde açıklanacak
common_voice_tr_17427045.wav,130604,mimosa hasanramaj ise daha ihtiyatlı
common_voice_tr_17427048.wav,73004,siyasi irade var mı
common_voice_tr_17427063.wav,61484,vizeli mi vizesiz mi
common_voice_tr_17427064.wav,119084,bu yıl ilk defa pasif seçmen kaydı uygulandı
common_voice_tr_17427077.wav,67628,sonuçsa birincilik oldu
common_voice_tr_17427079.wav,172844,muhalefet partileri hükümete karşı ciddi bir mücadele ortaya koyabiliyorlar mı
common_voice_tr_17427078.wav,67628,şikayet edemem doğrusu
common_voice_tr_17427086.wav,115244,bunu beğenmeyen istediği yere gidebilir
common_voice_tr_17427131.wav,82988,ancak muhalefet aynı fikirde değil
common_voice_tr_17427132.wav,65324,mali bilgi verilmedi
common_voice_tr_17427144.wav,111404,bilim eziyet verici olmaktan çok eğlenceliydi
common_voice_tr_17427195.wav,115244,zrvenkovski de benzer itirazlarda bulundu
common_voice_tr_17427178.wav,61484,bu olay bir ilk mi
common_voice_tr_17427246.wav,115244,parlamento paketi mayıs ayı ortasında oylayacak
common_voice_tr_17427248.wav,80684,bunlar en büyükleri
common_voice_tr_17427249.wav,134444,arnavutluk'un üyelik daveti alması ülkede yankı uyandırdı mı
common_voice_tr_17427269.wav,69164,umarız boğa olmayız
common_voice_tr_17427287.wav,102188,sergi bu ayın sonuna kadar devam edecek
common_voice_tr_17427305.wav,71468,bunu kim ister
common_voice_tr_17427284.wav,102188,suçun vahşiliği ülkeyi şok etti
common_voice_tr_17427289.wav,80684,güvenlik tedbirleri
common_voice_tr_17427306.wav,107564,gelişmeye ve yeni şeyler sunmaya yetmiyor
common_voice_tr_17427307.wav,107564,pek çok kimse için banka kredisi tek seçenek
common_voice_tr_17427326.wav,84524,günümüzde avukat olmak zor
common_voice_tr_17427309.wav,129068,ancak yeni tarzdan herkes memnun değil
common_voice_tr_17427330.wav,94508,her iki taktik de tartışmaya açık
common_voice_tr_17427328.wav,96044,bugüne kadar gelen tepkiler karışık oldu
common_voice_tr_17427332.wav,115244,başka kaynaklardan da eleştiriler gelmedi değil
common_voice_tr_17427340.wav,125228,romanya beş milyar avroluk ilk dilimi hemen aldı
common_voice_tr_17427333.wav,111404,bu rakamlar geçen yılki rakamların iki katı
common_voice_tr_17427341.wav,144428,veya büyük anne ve babalarımızın partiye nasıl rapor verdiğini
common_voice_tr_17427382.wav,96044,parlamento bu yasal çarkı destekliyor
common_voice_tr_17427369.wav,106028,müze gecesi beş yıldır her yıl düzenleniyor
common_voice_tr_17427352.wav,102188,fakat bunun olacağına herkes inanmıyor
common_voice_tr_17427383.wav,82988,bir sürü yerde indirim hakları vardı
common_voice_tr_19048330.wav,119084,ancak belgrad makamları isyan halindeler
common_voice_tr_19048344.wav,115244,oktar'ın karara itiraz hakkı bulunuyor
common_voice_tr_19048361.wav,99884,savaş rüzgarları kuzeyden hızla yayıldı
common_voice_tr_19048377.wav,104492,savaşta çocukları korumayı düşünen pek yoktu
common_voice_tr_19048363.wav,100652,diğerleri ise çeşitli azınlıklara ayrılacak
common_voice_tr_19048378.wav,93740,bu yüzden hep birlikte çalışmamız gerekiyor
common_voice_tr_19048385.wav,79916,ancak bütün bu para nerden gelecek
common_voice_tr_19048393.wav,127532,maktouf'un cezası haziran ayında sona erdi
common_voice_tr_19048411.wav,109868,resimler mart ayı sonuna kadar sergide kalacak
common_voice_tr_19048429.wav,78380,miloja da buna katılıyor
common_voice_tr_19048428.wav,94508,bu suçlamalara ne yanıt veriyorsunuz
common_voice_tr_19048430.wav,76076,sonra her şey değişti
common_voice_tr_19048441.wav,164396,demokratik partilerin iktidara geldiği iki bin yılından bu yana ilerleme oldu mu
common_voice_tr_19048442.wav,120620,uyulmadığı takdirde ülke cezalandırılacak
common_voice_tr_19048450.wav,116012,grupta üçüncü sırada sırbistan yedi
common_voice_tr_19048448.wav,114476,edita tahiri bunu sınır olarak yorumluyor
common_voice_tr_19048444.wav,83756,bulgaristan'ı güçsüzleştirir
common_voice_tr_19048511.wav,59180,çok gerçekçi
common_voice_tr_19048489.wav,96044,geçen yılki rekor rusya'ya aitti
common_voice_tr_19048532.wav,133676,kısıtlamalar otuz bir aralık iki bin on bire kadar sürecek
common_voice_tr_19048553.wav,86828,yunanistan'da idam cezası yok
common_voice_tr_19048575.wav,97580,davetler kesin üyelik anlamına gelmeyecek
common_voice_tr_19048578.wav,146732,smalios'un en iyi derecesi yetmiş bir virgül seksen yedi oldu
common_voice_tr_19048555.wav,88364,bakan şu ana kadar bir yorum yapmadı
common_voice_tr_19048579.wav,118316,makedonya toplam altı virgül otuz üç puan aldı
common_voice_tr_19048583.wav,101420,sistemi çok partili bir sisteme değiştiriyoruz
common_voice_tr_19048604.wav,87596,tarih tekerrür edebilir mi
common_voice_tr_19048605.wav,85292,şarkı bütün yunan halkını büyülemedi
common_voice_tr_19048618.wav,67628,umarım çok yakında olur
common_voice_tr_19048635.wav,137516,ülkenin latin alfabesindeki alan adı ise bg
common_voice_tr_19048640.wav,93740,herkes bunun iyi bir fikir olduğunu düşünmüyor
common_voice_tr_19067139.wav,114476,etkinlikte dokuz ülkeden otuz ekip biraraya geldi
common_voice_tr_19067146.wav,119084,geçen yılsa bu rakam beş yüz on milyon avro idi
common_voice_tr_19067147.wav,73004,bakış açıları çok farklı
common_voice_tr_19067163.wav,121388,merkezin iki bin sekiz sonuna kadar açılması bekleniyor
common_voice_tr_19067161.wav,174380,bize bu koşulların neler olduğundan ve hangilerinin henüz yerine getirilmediğinden bahseder misiniz
common_voice_tr_19067172.wav,100652,sırbistan kosova meclisini feshetti
common_voice_tr_19067174.wav,89132,bu da işçi maaşlarına hiçbir şey bırakmıyor
common_voice_tr_19067181.wav,106028,değişiklik bir nisan itibarıyla yürürlüğe girdi
common_voice_tr_19067183.wav,94508,proje yaklaşık altı yüz yeni iş yaratacak
common_voice_tr_19172305.wav,107564,yerleşmek için en uygun yerlerse tepelerdi
common_voice_tr_19172309.wav,120620,bayrami şimdi hapishanede cezasını çekiyor
common_voice_tr_17348344.wav,119084,maaşımız mı artacak daha fazla mı iş olacak
common_voice_tr_17348335.wav,121388,sergi mayıs ayı sonuna kadar gezilebilecek
common_voice_tr_17348348.wav,115244,yine de iki polis memuru hafif yaralandı
common_voice_tr_17348354.wav,94508,bazıları bu trende karşı çıkıyor
common_voice_tr_17348382.wav,53804,asıl soru bu
common_voice_tr_17348413.wav,92204,ancak yasanın geçirilmesi engellendi
common_voice_tr_17348439.wav,102188,şirket bitmiş ürünlerini satmakta başarılı
common_voice_tr_17348449.wav,107564,peki türkiye'nin çabaları sonuç veriyor mu
common_voice_tr_17348418.wav,115244,bu da çok daha fazla ortak çaba gerektiriyor
common_voice_tr_17348486.wav,98348,kazanan üç eseri burada sunuyoruz
common_voice_tr_17348497.wav,129068,stamatis kraounakis
common_voice_tr_17348498.wav,102188,tutuklananlardan biri çeçen uyruklu
common_voice_tr_17348487.wav,121388,çok sayıda blogcu da duruma ağırlığını koydu
common_voice_tr_17348499.wav,86828,ancak bu kural pratikte uygulanmıyor
common_voice_tr_17348557.wav,79148,bu konuda bir yorumunuz var mı
common_voice_tr_17348591.wav,96044,kimsenin maaşlardan haber verdiği yok
common_voice_tr_17348533.wav,63788,hukuk düzeninin doğası bu
common_voice_tr_17348596.wav,80684,üçüncü şüphelinin adı açıklanmadı
common_voice_tr_17348601.wav,115244,bu ülkede her şey her geçen gün pahalılanıyor
common_voice_tr_17348613.wav,98348,bu beklemediğimiz bir dış müdahaledir
common_voice_tr_17348600.wav,98348,makedonya başbakanı dublin'i ziyaret etti
common_voice_tr_17348619.wav,99884,bu ülke romanya'daki en büyük yatırımcıdır
common_voice_tr_17348649.wav,80684,tüm bunlar çok olumlu gelişmeler
common_voice_tr_17348655.wav,86828,ancak süreç ekim ayında iptal edildi
common_voice_tr_17348647.wav,71468,turnuva pazar günü sona eriyor
common_voice_tr_17348659.wav,90668,bunlar yalnızca benim başıma gelmiyor
common_voice_tr_17348666.wav,109868,etkinlikle baharı karşılamak amaçlanıyor
common_voice_tr_17348668.wav,80684,ne var ki proje başarısızlığa uğradı
common_voice_tr_17348663.wav,129068,zafer rusya'ya karşı oynanan karşılaşmada geldi
common_voice_tr_17348674.wav,109868,vetevendosje kararı imzalamayı reddetti
common_voice_tr_17348691.wav,129068,sc hükümeti büyük zorluklar çekilmeden kuruldu
common_voice_tr_17348695.wav,145964,uzun tatiller bulgar işletmelerine pahalıya mı mal oluyor
common_voice_tr_17348702.wav,96044,bu da son derece gurur duyduğum bir şey
common_voice_tr_17348721.wav,71468,program nisan ayında başlayacak
common_voice_tr_17348714.wav,94508,fakat bu da daha başka sorunlara yol açabilir
common_voice_tr_17348727.wav,84524,ab de hükümeti destekledi
common_voice_tr_17348742.wav,99884,eski yasada pişman olmak yetmiyordu
common_voice_tr_17348759.wav,223532,dünya ekonomisinde kamu mallarının üretiminden kim sorumlu
common_voice_tr_17348762.wav,148268,fakat gıpta etmek için çok daha iyi nedenler var
common_voice_tr_17348772.wav,161324,şeffaflık eksikliği bunu anlamayı zorlaştırıyor
common_voice_tr_17348777.wav,94508,bu onların hakkıdır
common_voice_tr_17348773.wav,133676,bulgartabac yorum yapmayı reddetti
common_voice_tr_17348782.wav,139820,tek amacımız var olmak ve çalışmaya devam etmek
common_voice_tr_17348779.wav,127532,arnavutluk planı ise planı onaylıyor
common_voice_tr_17348790.wav,132140,denetçiler kişisel banka hesaplarını açabilecek
common_voice_tr_17348793.wav,124460,sonuç olarak da hizmetler ertelendi
common_voice_tr_17348792.wav,122924,eğitime elbette daha fazla yatırım yapılmalı
common_voice_tr_17348800.wav,124460,balkanlar'da uyuşturucuyla mücadele beşlisi mi
common_voice_tr_17348797.wav,182828,ankette daha kişisel sorular da var
common_voice_tr_17348796.wav,108332,ab fonlarına erişim kolay bir iş değil
common_voice_tr_17348801.wav,96044,gece hayatı büyüleyiciydi
common_voice_tr_17348805.wav,142124,pek çok izleme kuruluşu da bunu doğruluyor
common_voice_tr_17348804.wav,145196,romanya takım halinde de gümüş madalya kazandı
common_voice_tr_17348811.wav,96812,bunun dışındaki her şey lüks
common_voice_tr_17348819.wav,88364,edi rama da aynı fikirde
common_voice_tr_17348817.wav,137516,bu hükümetin projeye ikinci destek verişi
common_voice_tr_17348820.wav,130604,kamu istihsalleri de sorun olmaya devam ediyor
common_voice_tr_17348821.wav,133676,gündemdeki diğer bir madde de kıbrıs sorunu
common_voice_tr_17348831.wav,139820,ancak rapor marty'den istenen etkiyi sağladı
common_voice_tr_17348827.wav,108332,sırbistan nükleer enerjiye hazır mı
common_voice_tr_17348832.wav,99884,şu an bu konuda gelinen aşama nedir
common_voice_tr_17348838.wav,123692,mevcut ortam bir tür balon olarak tanımlanabilir mi
common_voice_tr_17348829.wav,93740,belge ekim ayında yürürlüğe girecek
common_voice_tr_17348845.wav,137516,fonlar beş türk bankası kanalıyla verilecek
common_voice_tr_17348843.wav,71468,fakat bu da uymuyor
common_voice_tr_17348878.wav,175916,bunun nasıl başarılabileceği konusunda herhangi bir düşünceniz var mı
common_voice_tr_17348875.wav,135212,fakat bu başarı tasovac'ı memnun etmeye yetmiyor
common_voice_tr_17348912.wav,108332,yangında bir itfayecinin yaralandığı bildirildi
common_voice_tr_17348900.wav,64556,yemedik ve içmedik
common_voice_tr_17348918.wav,108332,ancak yakında bu durum değişebilir
common_voice_tr_17348925.wav,91436,bugüne kadar bir albüm kaydetti
common_voice_tr_17348919.wav,75308,herkes buna şahittir
common_voice_tr_17348926.wav,109868,bu arabalar yakında dünya sahnesine çıkacaklar
common_voice_tr_17348941.wav,92972,tek bir dava bile takip edilmedi
common_voice_tr_17348935.wav,76076,vergi toplamıyorlar
common_voice_tr_17348967.wav,66860,neden olduğu umurumda değil
common_voice_tr_17349481.wav,108332,güçlü bir hükümet iş başındadır
common_voice_tr_17348947.wav,96044,o zaman sahneye yeni adaylar da çıkabilecek
common_voice_tr_17349489.wav,117548,karar yerel turizmi hızlandırdı
common_voice_tr_17349498.wav,135212,buna karşılık hediye veya rüşvet kabul etmeyecek
common_voice_tr_17349499.wav,113708,tava dolana kadar bu işleme devam edin
common_voice_tr_17349512.wav,182828,kirin gerçekten soruşturma başlattıysa bunu yapma yetkisini nereden aldı
common_voice_tr_17349507.wav,119084,biz umudumuzu bu mücadeleden almaktayız
common_voice_tr_17349494.wav,165164,obrija ailesinin babası olayda hayatını kaybetti
common_voice_tr_17349520.wav,152876,yazar bir hükümet istediğimizden emin miyiz diye soruyor
common_voice_tr_17349530.wav,93740,bu konuda sizin tutumunuz nedir
common_voice_tr_17349539.wav,122156,çoğu zaman karaborsa veya suçla uğraşıyorlar
common_voice_tr_17349545.wav,121388,kosova'daki herkesin bunda çıkarı vardır
common_voice_tr_17349544.wav,92972,bakan buradan bulgaristan'a geçti
common_voice_tr_17349552.wav,104492,projenin iki yıl içinde tamamlanması bekleniyor
common_voice_tr_17349550.wav,122924,fakat bu dayanakları sağlam bir iddia mıdır
common_voice_tr_17349551.wav,116012,sanatçının yarışmaya ikinci katılışı olacak
common_voice_tr_17349553.wav,143660,bu olursa güvenlik durumu üzerinde nasıl bir etki yaratır
common_voice_tr_17349564.wav,81452,bombanın büyüklüğü belirlenemedi
common_voice_tr_17349559.wav,91436,bu sırbistan'ın ilk maç günüydü
common_voice_tr_17350538.wav,106796,bu kentsel alanlar için sorun değil
common_voice_tr_17349563.wav,123692,polis en az altı kişiyi daha sorguya çekiyor
common_voice_tr_17350545.wav,99116,makedonya ile olan ilişkileriniz ne durumda
common_voice_tr_17350540.wav,139052,kilisenin buldozerle yıkılması yedi gün sürdü
common_voice_tr_17350542.wav,96044,devlet sübvansiyonları da azaltılacak
common_voice_tr_17350549.wav,76076,araç geri verilmedi
common_voice_tr_17350551.wav,132140,cuma günü eski başbakan parlamentoya seslendi
common_voice_tr_17350548.wav,117548,peki kampanyanın içeriği tam olarak neydi
common_voice_tr_17350558.wav,106028,bu hafta için yeni grevler planlanıyor
common_voice_tr_18355106.wav,145964,şu anda mecliste oylanmayı bekliyor
common_voice_tr_18355211.wav,145964,birliğin ülkede iki ay kalacağı bildirildi
common_voice_tr_18355109.wav,148268,bulgar yetkililer kararları hemen kınadılar
common_voice_tr_18355212.wav,145964,kaliteli bireysel oyuncu sayısı daha fazlaydı
common_voice_tr_18355216.wav,138284,diğer ülkeler iç ihtiyaçlara odaklanıyor
common_voice_tr_18355222.wav,138284,sizin bir tarihiniz bir geleneğiniz var
common_voice_tr_18355220.wav,155948,yeni yapı iki bin on bir baharı civarında kesinleşecek
common_voice_tr_18355218.wav,130604,hırvatistan da bu fikri reddetti
common_voice_tr_18355225.wav,186668,turnuvaya kırk bir ülkeden toplam üç yüz yetmiş sporcu katıldı
common_voice_tr_18355227.wav,155948,buna karşın arnavutluk'ta asgari ücret yüz kırk iki avro
common_voice_tr_18355238.wav,145964,anlaşmanın son imzalanma tarihiyse bir temmuz
common_voice_tr_18355229.wav,161324,erken parlamento seçimlerine gidilmesini bekliyor musunuz
common_voice_tr_18355235.wav,163628,komşu makedonya'da bu rakam beş kat daha yüksek
common_voice_tr_18355243.wav,157484,festival bin dokuz yüz altmış bir yılından beri düzenleniyor
common_voice_tr_18355246.wav,163628,havaalanı bin dokuz yüz doksan altıda sivil uçuşa açılmıştı
common_voice_tr_18355255.wav,165164,tesise yaklaşık altmış milyon avro yatırım yapıldı
common_voice_tr_18355258.wav,111404,veles makedonya
common_voice_tr_18355259.wav,140588,ortak sınır aynı zamanda schengen sınırı olacak
common_voice_tr_18355272.wav,149804,anlaşmanın otuz bir ekim'de kesinleşmesi bekleniyor
common_voice_tr_18355286.wav,117548,rakamlar korkutucu seviyede
common_voice_tr_18355284.wav,149804,mevcut kadronun yaş ortalaması otuzun altında
common_voice_tr_18355280.wav,157484,makedonya'nın iyi bir ev sahipliği yaptığını düşünüyor musunuz
common_voice_tr_18355296.wav,122924,ülke pek çok açıdan hızla büyüyor
common_voice_tr_18355293.wav,165164,yarışmacılar aylardır şarkılarını tanıtıyorlar
common_voice_tr_18355299.wav,115244,sırbistan benzin ithal etmiyor
common_voice_tr_18355303.wav,109868,yeni arkadaşlar ediniyoruz
common_voice_tr_18355298.wav,142124,teklif süresi kırk sekiz gün içinde sona eriyor
common_voice_tr_18355304.wav,102188,evler kiralığa çıkarılıyor
common_voice_tr_18355301.wav,130604,süper valiler geri mi geliyor
common_voice_tr_18355316.wav,125228,gazprom da bu projeye dahil mi
common_voice_tr_18355315.wav,140588,ancak rakibi yorum yapmaktan kaçındı
common_voice_tr_18355332.wav,155948,gerçekler oldukça çatışan sinyaller vermektedir
common_voice_tr_18355327.wav,163628,dilekçeye beş bin civarında imza toplandı
common_voice_tr_18355321.wav,142124,parlamento nasıl olsa yaz tatiline girecek
common_voice_tr_18355320.wav,107564,buna yanıtınız nedir
common_voice_tr_18355359.wav,130604,ancak yetkililer bu olasılığı dışlıyor
common_voice_tr_18355340.wav,145964,kapitalist dünyada rekabet yeni bir kavram değil
common_voice_tr_18355350.wav,125228,kanalı en çok arnavutlar kullanıyordu
common_voice_tr_18355360.wav,102188,o zaman her şey berbat oldu
common_voice_tr_18355366.wav,88364,lütfen yorumlayın
common_voice_tr_18355371.wav,149804,bunların ilki bir stadyum dolusu bilet satmaktı
common_voice_tr_18355362.wav,134444,tesis balkanlar'daki en büyük su parkı olacak
common_voice_tr_18359786.wav,92204,şahsın uyruğu bilinmiyor
common_voice_tr_18359782.wav,140588,planda itiraz ettiğiniz temel noktalar neler
common_voice_tr_18519993.wav,122924,para iki dilim halinde verilecek
common_voice_tr_18520090.wav,125228,tutuklanan on bir kişinin sekizi hırvat uyrukluydu
common_voice_tr_18520089.wav,84524,bunu sağlayan nedir
common_voice_tr_18520050.wav,117548,ortalama fatura iki yüz avroyu buluyor
common_voice_tr_18520092.wav,79148,herşeyi kendim yaptım
common_voice_tr_18520125.wav,103724,resmi adım haziran ayı sonunda atılacak
common_voice_tr_18520140.wav,102188,sizce ne zaman yapılmalılar
common_voice_tr_18520138.wav,117548,yumurta aklarını bir çimdik tuzla çırpın
common_voice_tr_18520155.wav,111404,proje iki bin yedi başlarında başlayacak
common_voice_tr_18520168.wav,99884,küresel kriz kapıda mı
common_voice_tr_18520239.wav,130604,anlaşma olumsuzluklar olmadan gerçekleşmedi
common_voice_tr_18520249.wav,122924,sivil can kaybı sayısı da tartışmalı
common_voice_tr_18520253.wav,126764,mültecilerin çoğu daha sonra infaz edildi
common_voice_tr_19820835.wav,108332,durumdan sendikalar da hoşnut değiller
common_voice_tr_19820843.wav,103724,lafı ağzımızda gevelemeyeceğiz
common_voice_tr_19820868.wav,93740,ancak mladiç bulunamadı
common_voice_tr_19820886.wav,122924,eski liderin cezaya itiraz etme hakkı var
common_voice_tr_19820891.wav,92972,seçimler on yedi kasım'da yapıldı
common_voice_tr_19820900.wav,154412,krstiç şu anda kırk altı yıllık hapis cezasını çekmekte
common_voice_tr_19820902.wav,107564,fakat asla sakin olamıyorsunuz
common_voice_tr_19820920.wav,76844,çiftlikteki bahçe
common_voice_tr_19820927.wav,110636,geliştirme süreci zaten başlamış durumda
common_voice_tr_19821105.wav,92204,tek sorun rekabetin giderek artması
common_voice_tr_19821107.wav,111404,bizim ülkemizdeyse tam tersi şekilde başladı
common_voice_tr_19821148.wav,103724,sonunda kendisini güvende hissetmeye başlamış
common_voice_tr_19821128.wav,125228,aynı proje iki bin altı yılında belgrad'da da başlayacak
common_voice_tr_19821152.wav,99884,ancak bütün işletmeler zor durumda değil
common_voice_tr_19821154.wav,114476,türk takımı yarı finalde sırbistan'ı yenmişti
common_voice_tr_19821164.wav,89900,kamuoyu denktaş'a karşı
common_voice_tr_19821180.wav,131372,aylık ücretler yüz otuz bir avro civarrında kaldı
common_voice_tr_19821219.wav,92204,bu da fiyatarda düşüşe yol açacak
common_voice_tr_19821297.wav,97580,yine de hala büyüme olanağı var
common_voice_tr_19821328.wav,109100,sahnede çalışırken hep birlikte gülüp eğlenmemiz
common_voice_tr_19821329.wav,109868,kongreye on yedi ülkeden katılımcılar katıldı
common_voice_tr_19821391.wav,132908,sizce bu durum kosova'da istikrarsızlık yaratıyor mu
common_voice_tr_19821367.wav,106796,fakat aynı zamanda da tehdit altında
common_voice_tr_19821398.wav,89900,bu plan yakında hayata geçmeli
common_voice_tr_19583297.wav,145964,bute maçı onuncu rauntta nakavtla kazandı
common_voice_tr_19583353.wav,101420,artık işler hızla değişiyor
common_voice_tr_19583347.wav,143660,ebeveynler derneğin var olmasından memnunlar
common_voice_tr_19583447.wav,97580,bu bir başlangıç olacak
common_voice_tr_19583387.wav,119852,akşama doğru kuzu hazır hale gelir
common_voice_tr_19583451.wav,168236,nekra altmış sekiz ülkeden bin elli üç adaya karşı yarıştı
common_voice_tr_19603603.wav,109868,gümrüksüz ithalata da son verildi
common_voice_tr_19603590.wav,149804,bir diğer engel de tasfiye sürecinin yavaşlığı
common_voice_tr_19603689.wav,109100,yetersiz ve yeterli olduğu noktalar neler
common_voice_tr_19603667.wav,152108,romanya'nın yüzde sıfır virgül beşlik düşüş kaydetmesi bekleniyor
common_voice_tr_19803161.wav,145964,uzmanlar ise ayda beş yüz altmış avro civarında kazanıyor
common_voice_tr_19803180.wav,106028,bunlara bile geçici çalışma izni verilecek
common_voice_tr_19803190.wav,111404,şirket karara itiraz edeceğini bildirdi
common_voice_tr_19803195.wav,100652,medya yayınlarında şiddeti azaltmalıdır
common_voice_tr_19803223.wav,96812,atina hareketi memnuniyetle karşıladı
common_voice_tr_19803196.wav,110636,bu yaz oyunlara yaklaşık otuz beş bin kişi katıldı
common_voice_tr_19803228.wav,82988,uygulanmaları konusunda da sıkıntılar var
common_voice_tr_19803224.wav,164396,kosova brüksel tarafından belirlenen yüzde yirmi kriterine ulaşabilir mi
common_voice_tr_19803233.wav,122924,şeşel'in yokluğunda sırbistan siyasetinde neler olacak
common_voice_tr_19803241.wav,73772,operasyon olaysız geçti
common_voice_tr_19803266.wav,122924,programda on ülkeden toplam on bir film yarıştı
common_voice_tr_19803263.wav,97580,ancak bu yıl sürprizler olabilir
common_voice_tr_19803270.wav,115244,dik uçurumlar adanın güney kıyısını süslüyor
common_voice_tr_19803272.wav,102188,vukasin batiniç de bu mültecilerden biri
common_voice_tr_19803294.wav,102956,posavina hırvatlarının sayısı azalıyor
common_voice_tr_19803522.wav,106028,nuremberg frankenstadion
common_voice_tr_19807581.wav,166700,aralık ayındaki ortalama aylık ücret üç yüz yetmiş beş avroydu
common_voice_tr_19807616.wav,137516,guca çılgınlık yapmak için geldiğiniz bir yer
common_voice_tr_19807650.wav,99116,toplantılar iki haftada bir yapılacak
common_voice_tr_19807646.wav,152108,kendinizi çingene olarak tanıttığınız için hiç eleştiri aldınız mı
common_voice_tr_19807651.wav,112172,sergi yedi nisan'a kadar açık kalacak
common_voice_tr_19807624.wav,142124,fakat türkiye'de siyasi koşullar değişiyor
common_voice_tr_20141767.wav,88364,buna kimsenin hakkı yoktur
common_voice_tr_19291453.wav,191276,tekne bin dokuz yüz yetmiş dokuz yılında tekrar tasarlanmıştı
common_voice_tr_20141784.wav,112940,maniou kasım ayında on altı yaşına girecek
common_voice_tr_19291512.wav,114476,dava beş yıldan uzun sürdü
common_voice_tr_19291485.wav,115244,masada en az iki seçenek bulunuyor
common_voice_tr_19291514.wav,106028,şüphecilerin sayısı hiç de az değil
common_voice_tr_19291526.wav,107564,bu yorumunuzla neyi kastettiniz
common_voice_tr_19291545.wav,109868,şimdi tekrar mücadele ediyorlar
common_voice_tr_19291546.wav,138284,sırbistan savunma bakanı bağdat'ı ziyaret etti
common_voice_tr_19291529.wav,123692,anlaşmadan türkiye de kazançlı çıkıyor
common_voice_tr_19291549.wav,136748,bu seviyede işbirliğinin güçlenmesini bekliyorum
common_voice_tr_19291567.wav,112172,yunan yetkililer anlaşmayı benimsediler
common_voice_tr_19291572.wav,121388,bunu nasıl iyileştirmeye çalışıyorsunuz
common_voice_tr_19291596.wav,163628,rijeka yatı yüz yedi bin avroya satın aldı
common_voice_tr_19291605.wav,119084,bu onların hayatta kalma stratejisi
common_voice_tr_19291598.wav,129836,yarışmaya toplam on altı şarkıcı katıldı
common_voice_tr_19291608.wav,140588,bağış anlaşması bir ağustos'ta imzalandı
common_voice_tr_19291616.wav,228908,kalabalıktan birisi hiçbir açıklamada bulunmayacaklar yorum yok açıklamasını yaptı
common_voice_tr_19291617.wav,140588,çinli yibing chen altında madalyanın sahibi oldu
common_voice_tr_19291620.wav,170540,ekonomik ya da daha farklı engellemeler olmasını bekliyor musunuz
common_voice_tr_19291621.wav,94508,ekspedisyon üç hafta sürdü
common_voice_tr_19291651.wav,141356,fakat ülkede yeni yıl için pek heves duyulmuyor
common_voice_tr_19291658.wav,139820,bazı sırp vatandaşları yeni programı destekliyor
common_voice_tr_19291697.wav,164396,sıcaklar dayanılmaz hale geldiğinde onlar nereye gidiyor
common_voice_tr_19291684.wav,152108,grup eyaletin kesin statüsü konusunda rahat
common_voice_tr_19291704.wav,141356,ama halk artık bunlara kanmıyor
common_voice_tr_19291701.wav,169772,blaga'nın istifası schengen umutlarına inen bir darbe mi
common_voice_tr_19291702.wav,166700,balkabağına yağ şeker ve biraz da tuz ekleyin
common_voice_tr_19291732.wav,145964,zihniyet değişimi eğitimle başlar
common_voice_tr_19291749.wav,159788,sırp cumhuriyeti eşit temsil hakkını ihlal etti mi
common_voice_tr_19291736.wav,162860,genelde izinleri almak aylar sürüyor
common_voice_tr_19291760.wav,78380,yine de seçenekler var
common_voice_tr_19291762.wav,137516,koruganlar en ücra noktalara yerleştirildi
common_voice_tr_19291722.wav,152876,fakat diğer yandan üretilen sütün kalitesi düşük
common_voice_tr_19291763.wav,122156,proje tamamlandığında bu durum da değişecek
common_voice_tr_19291793.wav,135980,festival yirmi altı kasım'a kadar devam edecek
common_voice_tr_19291841.wav,116780,katılımcılar eğitim reformunu tartıştılar
common_voice_tr_19291796.wav,68396,tebrikler
common_voice_tr_19291798.wav,116780,yerel basın daha da ihtiyatlı davrandı
common_voice_tr_19291842.wav,110636,kazanan firma şubat ayı sonunda açıklanacak
common_voice_tr_19291883.wav,114476,hepsinin de sırp uyruklu olduğu belirtiliyor
common_voice_tr_19291858.wav,131372,kilise ihtilafta yıkılmıştı
common_voice_tr_19291889.wav,124460,sanader'i henüz ailesinden ziyaret eden olmadı
common_voice_tr_19291886.wav,118316,kendimizi yenilmiş hissetmiyoruz
common_voice_tr_19291862.wav,120620,berişa'nın ekibini çoktan kurduğu bildiriliyor
common_voice_tr_19291891.wav,84524,bu deliği de tıkadılar
common_voice_tr_19291963.wav,147500,sırbistan'da yaklaşık üç yüz elli bin macar yaşıyor
common_voice_tr_19291961.wav,130604,üç gün süren konferansa on beş şair katıldı
common_voice_tr_19292034.wav,142124,kavgada bir eylemci hayatını kaybetmişti
common_voice_tr_19292069.wav,139052,grguriç çocukluğundan beri bir lego hayranı
common_voice_tr_19292054.wav,152876,fikir dünyanın pek çok ülkesinde başarı kazandı
common_voice_tr_19292085.wav,129836,arsa yaklaşık yedi milyon avroya satılacak
common_voice_tr_19292104.wav,152108,en büyük ve en değerli firmalar hala devlet malı
common_voice_tr_19292130.wav,231212,gemi seyahati düzenleyen şirketlerin yeterli rıhtımı bile olmayan bir yeri niçin tercih etsin
common_voice_tr_19292134.wav,145196,cumhurbaşkanı erken seçim kararını destekliyor
common_voice_tr_19292144.wav,121388,nokia fabrikanın inşaatına bu baharda başlayacak
common_voice_tr_19292141.wav,79148,gerçekten harikaydı
common_voice_tr_19292148.wav,103724,bugünse bu rakam beş bin civarında
common_voice_tr_19292150.wav,168236,kosova organize suçla mücadelede ne gibi sorunlarla karşılaşıyor
common_voice_tr_19292151.wav,101420,grupta iki kişide yüksek ateş vardı
common_voice_tr_19292163.wav,122156,bir analist ayrıntılı bilgi istediğini belirtti
common_voice_tr_19292149.wav,139820,sizce hollanda bu tavrıyla ne tür bir mesaj veriyor
common_voice_tr_19292173.wav,180524,etnik ayrılıkların parçaladığı bir ülkede gerçek anlamda bir etnik çoğulluk mümkün mü
common_voice_tr_19292179.wav,116012,vergi mevzuatı da bu alanlardan biri
common_voice_tr_19292191.wav,67628,ne iş olsa yaparım
common_voice_tr_19292181.wav,134444,bir tavayı yağ veya tereyağıyla yağlayın
common_voice_tr_19292215.wav,102956,fabrikada elli kişiye iş sağlanacak
common_voice_tr_19292204.wav,116780,bunda soğuk havanın da etkisi olmuş olabilir
common_voice_tr_19292261.wav,153644,sahada yedi yüz yetmiş üç milyon metreküp doğal gaz bulunuyor
common_voice_tr_19292270.wav,189740,makedonya bin dokuz yüz doksan yedi yılından beri bankaya üye
common_voice_tr_19292273.wav,106028,bu yılki festivale kırk dokuz film katıldı
common_voice_tr_19319745.wav,114476,her türlü şiddete karşıyız
common_voice_tr_19292274.wav,103724,etkinlik cumartesi günü sona erdi
common_voice_tr_19319744.wav,107564,fakat ilerleme vakti geldi
common_voice_tr_19319748.wav,138284,sonuç olarak park için başka bir yer seçildi
common_voice_tr_19319761.wav,115244,kalogeresis aynı fikirde değil
common_voice_tr_19319771.wav,122156,ancak herkes bu kadar hevesli değildi
common_voice_tr_19319763.wav,114476,ankete on bin üç yüz elli kişi katıldı
common_voice_tr_19319762.wav,112940,bu bile başlı başına bir başarı
common_voice_tr_19319785.wav,92972,ama onlar bunu yapmadı
common_voice_tr_19319787.wav,127532,yunanistan'ın selanik kenti de ilk ona girdi
common_voice_tr_19319811.wav,112172,ben savaştan çıkmış bir ülkede büyüdüm
common_voice_tr_19319817.wav,124460,desteğin toplam değeri beş milyon avro
common_voice_tr_19319819.wav,132908,ülkeler daha rekabetçi olabilmek için ne yapabilir
common_voice_tr_19319821.wav,106796,avustralya'ya bir iki yenildik
common_voice_tr_19319824.wav,166700,mimari on dokuz yüzyıl sonlarına oldukça benziyor
common_voice_tr_19319830.wav,96812,faaliyetler burada bitmiyor
common_voice_tr_19319832.wav,134444,ve bayrami zamanın tükendiğini biliyor
common_voice_tr_19319844.wav,112940,ayrı bir kapta şekerli suyu kaynatın
common_voice_tr_19319849.wav,85292,onun konusu nedir
common_voice_tr_19319853.wav,110636,ne demek istediklerini anlıyordum
common_voice_tr_19319858.wav,132908,para enerji ithalatına harcanacak
common_voice_tr_19319861.wav,155180,dodik'e karşı olan tavrınızda herhangi bir değişiklik oldu mu
common_voice_tr_19319862.wav,141356,turnuvaya yirmi bir ülkeden yüz elli sporcu katıldı
common_voice_tr_19319860.wav,138284,ancak şimdi kasabada yalnızca bir sırp yaşıyor
common_voice_tr_19319863.wav,118316,kentin sokakları iki metre su altında kaldı
common_voice_tr_19357264.wav,84524,mahkeme kararlarını bozamayız
common_voice_tr_19357272.wav,157484,yaşamak istiyorum rukavina'nın mektubunun ilk satırıydı
common_voice_tr_19357280.wav,99884,burada ordu veya polis olmayacak
common_voice_tr_19357306.wav,132908,dernek sadece sekiz sandıkta sorun bildirdi
common_voice_tr_19357307.wav,190508,planın ardından yatan mantık tam olarak nedir ve yunanlıları uzun vadede nasıl etkileyecektir
common_voice_tr_19357309.wav,113708,soğuk savaşın sonundan bu yana devam ediyor
common_voice_tr_17488367.wav,105260,yoksa sadece bir mutlak iyimser miyim
common_voice_tr_19357315.wav,113708,tartışmalara gelen tepkiler karışık oldu
common_voice_tr_19357310.wav,99884,projenin maliyeti kırk bir milyon avro
common_voice_tr_19357317.wav,134444,hükümet yeni sistem için yakında ihale açacak
common_voice_tr_17488378.wav,117548,muhalefet geri adım attı ve anlaşma sağlanamadı
common_voice_tr_17488425.wav,126764,koleksiyonda yirmi beş seçilmiş eser yer alıyor
common_voice_tr_17488455.wav,120620,polis olayı bir suikast girişimi olarak niteledi
common_voice_tr_17488832.wav,114476,son olaylar endişe seviyesini yükseltti
common_voice_tr_17488440.wav,109868,etkinlik haziran ayına kadar devam edecek
common_voice_tr_17488456.wav,167468,makedon medyasında tek bir şeyi değiştirebilecek olsanız bu ne olurdu
common_voice_tr_17488837.wav,141356,peki eğitim devlet okullarından verilen eğitimden daha mı iyi
common_voice_tr_17488838.wav,116780,toplam maliyete ilişkin bir tahmin verebilir misiniz
common_voice_tr_17537561.wav,109100,müziği eski bir bosna halk şarkısından geliyor
common_voice_tr_17537585.wav,117548,jani ve babası bu düşüncelerinde yalnız değil
common_voice_tr_17537596.wav,118316,askerler en fazla şiddeti sınırlayabilirler
common_voice_tr_17537600.wav,96044,katılım ilk turdan düşük gerçekleşti
common_voice_tr_17537625.wav,121388,makedonya'nın isim müzakerelerinde yeni bir momentum mu
common_voice_tr_17540410.wav,76076,şenlikler üç gün sürüyor
common_voice_tr_17537622.wav,100652,bütün bu süreçleri de belgelemek zorundalar
common_voice_tr_17792999.wav,86060,pek çok analist de buna katılıyor
common_voice_tr_17793007.wav,116780,referandumun kabulü için salt çoğunluk gerekiyor
common_voice_tr_17793001.wav,97580,yaptığım işte duygulara yer yok
common_voice_tr_17815025.wav,98348,kimse zahmet edip soruları yanıtlamadı
common_voice_tr_17815027.wav,106796,başkent fira bir tepenin üzerinde yer alıyor
common_voice_tr_17819413.wav,104492,mültecilerin çoğu sırbistan'da yaşıyor
common_voice_tr_17819394.wav,105260,ne gibi zorluklarla karşılaşıyorsunuz
common_voice_tr_17819478.wav,118316,hırvatistan golf dünyasında geride kalmıştı
common_voice_tr_17845043.wav,108332,sırada yeni parlamento seçimleri olabilir
common_voice_tr_17821996.wav,119852,üretime yıl sonunda başlanması planlanıyor
common_voice_tr_17822004.wav,122924,bu toplumumuzdaki durumun bir yansıması idi
common_voice_tr_17845054.wav,136748,davaların çoğunda iddianameler hala bekliyor
common_voice_tr_17845051.wav,145964,brüksel adresli bu mektuplu protesto ne gibi bir etki yarattı
common_voice_tr_17845079.wav,156716,moreno godoy para aklamakla da suçlanıyor
common_voice_tr_17845071.wav,129068,taraflar ortak bir uyarı mesajı yayınladılar
common_voice_tr_17845068.wav,124460,prag'ın baharı vardı belgrad'ın neden olmasın
common_voice_tr_17851086.wav,79916,halkın baskısı oldukça yüksek
common_voice_tr_17851073.wav,85292,bu iş artık kalıplaşmış durumda
common_voice_tr_17845084.wav,87596,ceku da benzer bir tonda konuştu
common_voice_tr_17851088.wav,105260,bu da duruma siyasi bir açı getirmiyor mu
common_voice_tr_17851115.wav,79916,sonuç elde etmek zorundayız
common_voice_tr_17851126.wav,96812,fakat başkan suçlamayı reddediyor
common_voice_tr_17851130.wav,99884,ürünlerimizin kabul edilmesini istiyoruz
common_voice_tr_17851134.wav,100652,gruevski de benzer umutlarını dile getirdi
common_voice_tr_17854674.wav,94508,sizce bunlar yerinde endişeler mi
common_voice_tr_17854685.wav,93740,şimdi budapeşte de konuya müdahale etti
common_voice_tr_17854696.wav,141356,ancak bu olumlu durum kısa sürede tersine dondu
common_voice_tr_17854688.wav,103724,bu sefer hükümet çevrecilerden yana oldu
common_voice_tr_17854705.wav,61484,şu anda bitmiş durumdayım
common_voice_tr_17854702.wav,90668,yine de bir hukuk misyonuna ihtiyaç var
common_voice_tr_17854716.wav,99116,azınlık partilerine sekiz sandalye kaldı
common_voice_tr_17859509.wav,104492,ankete katılan başka balkan ülkesi yok
common_voice_tr_17854714.wav,76076,bu şekilde hiçbir şey israf olmuyor
common_voice_tr_17919691.wav,82220,artık kimseye zarar veremezler
common_voice_tr_17919697.wav,116780,papanın bu ülkeye yaptigi ucuncu ziyaret oluyor
common_voice_tr_17919719.wav,75308,tüm bu yemekler için para gerekiyor
common_voice_tr_17919744.wav,119852,suda tatlısu incisi arayanlar da oluyor
common_voice_tr_17919750.wav,99116,ancak bu kliniklerin çoğunun ruhsatı bulunmuyor
common_voice_tr_17919757.wav,73004,bu ne anlama gelmektedir
common_voice_tr_17919756.wav,86060,bir diğer zanlı ise aranıyor
common_voice_tr_17919740.wav,188972,fakat morallerin yüksek olması makedonya'nın zor zamanları atlatması için yeterli olacak mı
common_voice_tr_17919770.wav,165932,buraya kadar tamam da bu acenteler kimlerden oluşuyor
common_voice_tr_17919791.wav,127532,rugova istifa etmeyi planlamadığını da belirtti
common_voice_tr_17919772.wav,55340,ben çok okurum
common_voice_tr_17921717.wav,88364,bu profesyonelce verilmiş bir konser
common_voice_tr_17961377.wav,113708,tartışmanın merkezinde hukuk sorunu yer alıyor
common_voice_tr_17921791.wav,98348,elbette bazı kaynaklar boşa harcandı
common_voice_tr_17357076.wav,67628,bu cesur iddialar doğru mu
common_voice_tr_17357160.wav,121388,onay iki gün süren tartışmalar sonrasında geldi
common_voice_tr_17357191.wav,107564,kuzeyde de durum daha iyi değil
common_voice_tr_17357171.wav,134444,şebeke bağlantılarının 'ye yakını kaçak
common_voice_tr_17919792.wav,116780,basescu lafı gevelemekten hoşlanmıyor
common_voice_tr_17357218.wav,104492,kitabı da bunun için yazdım zaten
common_voice_tr_17357369.wav,93740,vatandaşlar zam haberini iyi karşılamadı
common_voice_tr_17357448.wav,125228,ekim ayında bir ilerleme raporu yayınlanacak
common_voice_tr_17357471.wav,139052,fakat artık isim ikincil bir rol alıyor
common_voice_tr_17357493.wav,121388,kosova makamları da bu fikre karşı çıktılar
common_voice_tr_17357467.wav,122156,peki siz bu ilişkiyi nasıl nitelendiriyorsunuz
common_voice_tr_17358337.wav,94508,hasan tercüman olarak çalışmaya devam etti
common_voice_tr_17358318.wav,92204,bazılar iyi bir neden için koştular
common_voice_tr_17358357.wav,89132,kosova hükümeti de sert tepki verdi
common_voice_tr_17358340.wav,116780,romanya küresel ekonomik krizden ağır etkilendi
common_voice_tr_17359816.wav,245036,birlik tamir edilemeyecek bir hasar olmadan değişken geometriyi ne derecede taşıyabilir
common_voice_tr_17359810.wav,106796,anlaşma sağlanması yıllar sürdü
common_voice_tr_17360634.wav,114476,podstrana turizm kurulu gelişmelerden memnun
common_voice_tr_17360649.wav,102956,yeni anayasanın onaylamasına çalışılacak
common_voice_tr_17360745.wav,100652,partinin hükümet desteğinin yarısı kesildi
common_voice_tr_17360742.wav,86060,burada bir lokantamiz vardı
common_voice_tr_17361519.wav,179756,bunlara ek olarak ülkenin ekonomik durumunda bir değişiklik olacağını düşünüyor musunuz
common_voice_tr_18498026.wav,148268,bunun üzerindeki miktarlar vergiye tabi olacak
common_voice_tr_18498041.wav,115244,türkiye turnuvada üçüncü oldu
common_voice_tr_18498074.wav,122924,hükümet eli kolu bağlı olduğunu ileri sürüyor
common_voice_tr_18498054.wav,129068,bunu sessizliğin kalitesinden anlıyorsunuz
common_voice_tr_18498071.wav,138284,mekanlardan birinde polis uyuşturucu da buldu
common_voice_tr_18498297.wav,149804,osmanagiç'in iddiaları henüz doğrulanmış değil
common_voice_tr_18498085.wav,205868,bir vergi politikası nasıl bir yapıda ve ne düzeyde vergi gelirleri hedeflemelidir
common_voice_tr_18498443.wav,102188,bunlar ne tür değişiklikler olacak
common_voice_tr_18498336.wav,98348,seferler haziran ayında başlıyor
common_voice_tr_18498542.wav,138284,müfredatta değişiklik yapılmamasından da mutlu
common_voice_tr_18504450.wav,122924,lidra bir veresiye defteri tutuyor
common_voice_tr_18504855.wav,142124,ankete toplam bin yüz on beş kişi katıldı
common_voice_tr_18505147.wav,80684,kosova'yı ne bekliyor
common_voice_tr_18504920.wav,107564,olayların failleri bulunamadı
common_voice_tr_18505087.wav,111404,lego bu yıl elli yaşına bastı
common_voice_tr_18505173.wav,167468,panelistler geriye yapılacak ne kaldı sorusunu sordular
common_voice_tr_18895891.wav,109868,genelde yolcular gelişmelerden heyecan duruyor
common_voice_tr_18892529.wav,178988,asker sayısı on dokuz bin iki yüzden on iki bine düşürülecek
common_voice_tr_18895970.wav,96044,her ikisi de sofya'daki cinayetlere karışmıştı
common_voice_tr_19452699.wav,113708,savunma makamı karara itiraz edeceğini belirtti
common_voice_tr_18896002.wav,98348,sanık mladiç'i medyadan tanıdığını da doğruladı
common_voice_tr_19452753.wav,102188,oysa gerçekte durum bundan daha karmaşık
common_voice_tr_19452731.wav,115244,sonra radonciç'in teklifi geldi
common_voice_tr_19452708.wav,90668,bu programlardaki durumlar sahte
common_voice_tr_19452769.wav,121388,misyonun bir parçası olmaktan gurur duyuyorum
common_voice_tr_19452894.wav,159788,belgrad ve lahey arasındaki işbirliği konusunda ne düşünüyorsunuz
common_voice_tr_19452846.wav,99884,şimdi aynı denklemi düşünme sırası pekin'de
common_voice_tr_19452779.wav,136748,mayıs iki bin beşte başkanlığı hırvatistan devralacak
common_voice_tr_19452927.wav,111404,sibiu'nun kendine has bir ortaçağ havası var
common_voice_tr_19452928.wav,80684,kurumlar vergisi de yüzde ona indirilecek
common_voice_tr_19452929.wav,90668,sokaktaysa vatandaş sonuç bekliyor
common_voice_tr_19452992.wav,129068,yerli halk binayı vijecnica olarak adlandırıyor
common_voice_tr_19452998.wav,106028,tabii bin dokuz yüz doksanlardan bu yana durum değişti
common_voice_tr_19452997.wav,138284,peki seçimlerin başarısını sağlayacak düzeyde katılım gerçekleşecek mi
common_voice_tr_19452961.wav,86828,sergi üç aralık'a kadar açık kalacak
common_voice_tr_19453002.wav,86828,bu diyalogda siz de yer alacak mısınız
common_voice_tr_19453018.wav,82988,pahor bu hareketi eleştirdi
common_voice_tr_19453012.wav,145964,bu katı bilişsel uyumsuzluğun arkasında yatan etmenler nedir
common_voice_tr_19453036.wav,86828,diplomasi sabır ve zaman ister
common_voice_tr_19453139.wav,106028,hükümet şirketin yüzde yirmi beşini elinde tutmak istiyor
common_voice_tr_19453149.wav,94508,macaristan bu açıdan başarılı bir model sunuyor
common_voice_tr_19453156.wav,71468,beş zanlı hala kaçak durumda
common_voice_tr_19453186.wav,76844,kulüplerde oynayamıyoruz
common_voice_tr_19453190.wav,106028,ancak bu meclisin yetkileri azaltılacak
common_voice_tr_17525784.wav,136748,çin ayı piyasasında boğa performansı sergiliyor
common_voice_tr_17525826.wav,142124,proje yaklaşık iki yüz bin avroya mal olacak
common_voice_tr_17525900.wav,119084,ada üzerinde her iki ülkenin de çıkarı bulunuyor
common_voice_tr_17525950.wav,129068,priştine belgrad'ın savlarını kabul etmedi
common_voice_tr_17525948.wav,221228,mallarınızı düşük fiyata mı satmak daha iyi yoksa iflas etmek mi diye soruyor
common_voice_tr_17526061.wav,109868,sizce bu boykotlar bir sonuç veriyor mu
common_voice_tr_17526064.wav,138284,ayrıldıklarında meyrema sadece sekiz yaşındaydı
common_voice_tr_17526246.wav,165164,koruganın prototipi bin dokuz yüz ellilerde geliştirildi
common_voice_tr_17526260.wav,119084,dünya kupası'ndan büyük kariyerler başlamıştır
common_voice_tr_17528048.wav,140588,sırbistan memur ve emekli aylıklarına zam yapacak mı
common_voice_tr_17528175.wav,84524,yapabileceklerine inanıyorum
common_voice_tr_17528347.wav,121388,tutuklanan doktorların sayısı her hafta artıyor
common_voice_tr_17529368.wav,149804,medya toplumlar arası diyalogu ilerletmek için ne yapabilir
common_voice_tr_17529450.wav,98348,bu uygulama ilk kez yapılmiyor
common_voice_tr_17529444.wav,80684,bizim için belirleyici maç
common_voice_tr_17529500.wav,107564,paylaşılan değerlerin ifadesidir
common_voice_tr_17529637.wav,215084,fransa'da insanların kafelerde sigara içmekten vazgeçeceğini kim düşünürdü diyor
common_voice_tr_17529644.wav,107564,amerika'da çok çeşitli filmler var
common_voice_tr_17532530.wav,111404,ancak ciddi engeller var olmaya devam ediyor
common_voice_tr_17532864.wav,115244,bu olay daha büyük yankılara yol açacak mı
common_voice_tr_17553501.wav,165164,hamanov aleyhindeki davaysa beş yıl üç ay sürdü
common_voice_tr_17533062.wav,140588,ülke olimpiyatları yirmi ikinci sırada tamamladı
common_voice_tr_17553617.wav,230444,mevcut olumlu eğilimler etkin bir sermaye oluşum süreci ile desteklenmeksizin sürdürülebilir mi
common_voice_tr_17553762.wav,188204,bu katılım makedonya'nın kara para aklama ile mücadelesine nasıl yardımcı olacak
common_voice_tr_17553688.wav,121388,avusturyalı memur ise evde tedavi ediliyor
common_voice_tr_17553960.wav,119084,parti sadece yüzde yedi oy almıştı
common_voice_tr_17553814.wav,129068,sergi otuz bir aralık'a kadar devam edecek
common_voice_tr_17553972.wav,144428,listede yer alan kişiler on iki ay süreyle izlenecek
common_voice_tr_17553994.wav,109868,ancak hiseni suçlamaktan da geri kalmadı
